Date,Open,Close,High,Low,Volume,RSI
08/16/2009,960.0,940.0,966.0,931.0,2307.0,0.0
08/17/2009,940.0,934.0,945.0,925.0,1900.0,0.0
08/18/2009,934.0,920.0,933.0,920.0,1613.0,0.0
08/19/2009,920.0,921.0,922.0,910.0,1996.0,0.0
08/20/2009,921.0,906.0,925.0,905.0,1901.0,0.0
08/23/2009,906.0,888.0,915.0,888.0,2150.0,0.0
08/24/2009,888.0,888.0,900.0,868.0,1690.0,0.0
08/25/2009,888.0,850.0,888.0,850.0,8582.0,0.0
08/26/2009,850.0,890.0,921.0,867.0,3532.0,0.0
08/27/2009,890.0,880.0,890.0,875.0,1728.0,0.0
08/30/2009,880.0,855.0,863.0,846.0,753.0,0.0
08/31/2009,855.0,841.0,850.0,825.0,1395.0,0.0
09/01/2009,841.0,814.0,845.0,814.0,2635.0,0.0
09/02/2009,814.0,861.0,865.0,814.0,11773.0,0.0
09/06/2009,861.0,830.0,846.0,814.0,3420.0,32.0
09/07/2009,830.0,810.0,820.0,800.0,3007.0,29.68
09/08/2009,810.0,801.0,824.0,791.0,1653.0,28.67
09/09/2009,801.0,790.0,806.0,790.0,1667.0,27.44
09/10/2009,790.0,770.0,790.0,770.0,1185.0,25.32
09/13/2009,770.0,760.0,770.0,750.0,2343.0,24.3
09/14/2009,760.0,774.0,790.0,765.0,3448.0,28.61
09/15/2009,774.0,780.0,805.0,760.0,2383.0,30.43
09/16/2009,780.0,790.0,800.0,781.0,934.0,33.49
09/17/2009,790.0,790.0,799.0,789.0,1147.0,33.49
09/20/2009,790.0,789.0,790.0,780.0,968.0,33.32
09/22/2009,789.0,800.0,810.0,790.0,1064.0,37.1
09/23/2009,800.0,785.0,795.0,785.0,345.0,34.25
09/24/2009,785.0,785.0,790.0,785.0,656.0,34.25
10/04/2009,785.0,795.0,795.0,780.0,423.0,37.93
10/05/2009,795.0,790.0,800.0,785.0,532.0,36.82
10/06/2009,790.0,781.0,795.0,781.0,739.0,34.84
10/07/2009,781.0,792.0,795.0,780.0,1194.0,39.14
10/08/2009,792.0,790.0,795.0,790.0,627.0,38.64
10/11/2009,790.0,770.0,790.0,770.0,213.0,33.98
10/12/2009,770.0,766.0,772.0,760.0,616.0,33.11
10/13/2009,766.0,761.0,775.0,760.0,625.0,32.02
10/14/2009,761.0,760.0,761.0,760.0,382.0,31.79
10/15/2009,760.0,790.0,790.0,730.0,1667.0,44.46
10/21/2009,790.0,765.0,775.0,765.0,916.0,38.11
10/22/2009,765.0,780.0,780.0,765.0,1180.0,43.34
10/25/2009,780.0,756.0,775.0,756.0,706.0,37.83
10/26/2009,756.0,752.0,754.0,750.0,1453.0,36.99
10/27/2009,752.0,737.0,748.0,737.0,560.0,33.93
10/28/2009,737.0,720.0,723.0,710.0,198.0,30.82
10/29/2009,720.0,692.0,710.0,692.0,979.0,26.51
11/01/2009,692.0,650.0,680.0,634.0,2038.0,21.63
11/02/2009,650.0,677.0,690.0,647.0,1442.0,30.49
11/03/2009,677.0,660.0,666.0,652.0,912.0,28.32
11/04/2009,660.0,670.0,670.0,660.0,132.0,31.42
11/05/2009,670.0,731.0,737.0,683.0,801.0,46.57
11/08/2009,731.0,730.0,740.0,720.0,3522.0,46.39
11/09/2009,730.0,731.0,733.0,725.0,1406.0,46.62
11/10/2009,731.0,735.0,735.0,725.0,750.0,47.56
11/12/2009,735.0,690.0,724.0,690.0,481.0,39.18
11/15/2009,690.0,680.0,690.0,680.0,743.0,37.6
11/16/2009,680.0,704.0,710.0,693.0,3605.0,43.5
11/17/2009,704.0,702.0,708.0,697.0,1809.0,43.14
11/18/2009,702.0,715.0,715.0,705.0,366.0,46.3
11/19/2009,715.0,700.0,705.0,700.0,935.0,43.31
11/22/2009,700.0,690.0,700.0,690.0,492.0,41.38
11/23/2009,690.0,690.0,691.0,686.0,318.0,41.38
11/24/2009,690.0,675.0,699.0,673.0,746.0,38.42
11/25/2009,675.0,675.0,688.0,675.0,378.0,38.42
11/26/2009,675.0,645.0,688.0,645.0,1968.0,32.94
11/30/2009,645.0,608.0,633.0,602.0,2786.0,27.7
12/01/2009,608.0,621.0,625.0,605.0,1000.0,31.81
12/03/2009,621.0,588.0,620.0,584.0,1789.0,27.53
12/06/2009,588.0,576.0,580.0,575.0,735.0,26.16
12/07/2009,576.0,604.0,604.0,582.0,292.0,34.4
12/08/2009,604.0,630.0,630.0,616.0,315.0,40.99
12/10/2009,630.0,642.0,642.0,642.0,55.0,43.79
12/13/2009,642.0,680.0,680.0,654.0,930.0,51.63
12/14/2009,680.0,682.0,682.0,676.0,163.0,52.01
12/15/2009,682.0,675.0,685.0,665.0,863.0,50.52
12/16/2009,675.0,660.0,690.0,660.0,2185.0,47.38
12/17/2009,660.0,680.0,693.0,672.0,2085.0,51.69
12/20/2009,680.0,690.0,693.0,676.0,927.0,53.73
12/21/2009,690.0,697.0,699.0,670.0,1811.0,55.16
12/22/2009,697.0,710.0,719.0,684.0,2145.0,57.77
12/23/2009,710.0,700.0,734.0,700.0,5409.0,55.11
12/24/2009,700.0,700.0,708.0,686.0,8668.0,55.11
12/28/2009,700.0,445.0,450.0,445.0,611.0,23.36
12/29/2009,445.0,470.0,480.0,450.0,1145.0,27.76
12/31/2009,470.0,480.0,480.0,470.0,313.0,29.5
01/04/2010,480.0,470.0,480.0,470.0,413.0,28.75
01/05/2010,470.0,471.0,471.0,471.0,115.0,28.94
01/06/2010,471.0,462.0,471.0,462.0,180.0,28.2
01/07/2010,462.0,450.0,455.0,445.0,967.0,27.2
01/11/2010,450.0,445.0,447.0,445.0,405.0,26.77
01/14/2010,445.0,437.0,440.0,435.0,393.0,26.07
01/17/2010,437.0,434.0,438.0,430.0,359.0,25.79
01/18/2010,434.0,430.0,434.0,430.0,246.0,25.41
01/19/2010,430.0,426.0,430.0,425.0,277.0,25.01
01/20/2010,426.0,430.0,434.0,426.0,431.0,26.26
01/21/2010,430.0,422.0,422.0,422.0,59.0,25.35
01/24/2010,422.0,420.0,422.0,418.0,604.0,25.11
01/25/2010,420.0,421.0,421.0,418.0,614.0,25.48
01/26/2010,421.0,429.0,429.0,423.0,764.0,28.54
01/27/2010,429.0,421.0,426.0,421.0,297.0,27.34
01/28/2010,421.0,420.0,420.0,419.0,69.0,27.18
01/31/2010,420.0,417.0,417.0,417.0,17.0,26.69
02/01/2010,417.0,417.0,417.0,410.0,500.0,26.69
02/02/2010,417.0,415.0,415.0,415.0,115.0,26.32
02/03/2010,415.0,439.0,439.0,423.0,30.0,37.41
02/04/2010,439.0,447.0,447.0,432.0,370.0,40.61
02/07/2010,447.0,423.0,439.0,423.0,232.0,34.84
02/08/2010,423.0,402.0,423.0,402.0,438.0,30.73
02/09/2010,402.0,394.0,395.0,394.0,74.0,29.31
02/10/2010,394.0,412.0,412.0,394.0,713.0,36.43
02/11/2010,412.0,453.0,453.0,415.0,684.0,49.01
02/15/2010,453.0,460.0,460.0,435.0,609.0,50.8
02/16/2010,460.0,430.0,451.0,430.0,119.0,43.72
02/17/2010,430.0,401.0,425.0,401.0,1122.0,38.17
02/18/2010,401.0,402.0,402.0,393.0,192.0,38.47
03/01/2010,402.0,408.0,408.0,408.0,144.0,40.27
03/02/2010,408.0,416.0,421.0,405.0,1633.0,42.69
03/03/2010,416.0,448.0,448.0,424.0,707.0,51.21
03/04/2010,448.0,417.0,448.0,417.0,1122.0,44.33
03/07/2010,417.0,409.0,412.0,405.0,407.0,42.74
03/09/2010,409.0,410.0,416.0,410.0,628.0,43.02
03/10/2010,410.0,400.0,403.0,400.0,585.0,40.89
03/11/2010,400.0,411.0,411.0,408.0,340.0,44.16
03/14/2010,411.0,400.0,403.0,400.0,564.0,41.68
03/16/2010,400.0,395.0,395.0,385.0,713.0,40.56
03/17/2010,395.0,400.0,400.0,388.0,587.0,42.23
03/18/2010,400.0,400.0,404.0,400.0,776.0,42.23
03/22/2010,400.0,381.0,392.0,381.0,926.0,37.59
03/23/2010,381.0,380.0,381.0,380.0,318.0,37.36
03/25/2010,380.0,382.0,382.0,375.0,308.0,38.18
03/28/2010,382.0,382.0,382.0,369.0,793.0,38.18
03/29/2010,382.0,394.0,402.0,376.0,650.0,43.36
03/30/2010,394.0,401.0,401.0,401.0,10.0,46.2
04/01/2010,401.0,405.0,415.0,401.0,446.0,47.8
04/04/2010,405.0,399.0,413.0,392.0,410.0,45.6
04/05/2010,399.0,392.0,404.0,392.0,411.0,43.11
04/06/2010,392.0,375.0,387.0,375.0,645.0,37.72
04/07/2010,375.0,375.0,375.0,374.0,123.0,37.72
04/08/2010,375.0,382.0,382.0,375.0,245.0,41.23
04/11/2010,382.0,385.0,389.0,385.0,50.0,42.72
04/12/2010,385.0,394.0,402.0,378.0,854.0,47.06
04/13/2010,394.0,400.0,400.0,390.0,400.0,49.78
04/15/2010,400.0,392.0,392.0,385.0,2031.0,46.35
04/18/2010,392.0,400.0,400.0,395.0,108.0,50.06
04/20/2010,400.0,385.0,393.0,385.0,136.0,43.93
04/21/2010,385.0,378.0,378.0,378.0,12.0,41.38
04/25/2010,378.0,350.0,371.0,350.0,281.0,33.11
04/27/2010,350.0,331.0,343.0,331.0,514.0,28.9
04/28/2010,331.0,332.0,332.0,326.0,463.0,29.41
04/29/2010,332.0,364.0,365.0,326.0,1373.0,43.39
05/09/2010,364.0,345.0,357.0,345.0,129.0,38.51
05/10/2010,345.0,347.0,347.0,335.0,96.0,39.29
05/11/2010,347.0,379.0,379.0,353.0,721.0,50.11
05/12/2010,379.0,398.0,402.0,360.0,2030.0,55.21
05/13/2010,398.0,397.0,430.0,397.0,973.0,54.89
05/16/2010,397.0,370.0,390.0,369.0,793.0,47.01
05/17/2010,370.0,371.0,371.0,360.0,572.0,47.32
05/18/2010,371.0,392.0,392.0,375.0,295.0,53.32
05/19/2010,392.0,406.0,406.0,389.0,908.0,56.86
05/20/2010,406.0,404.0,412.0,404.0,2157.0,56.2
05/23/2010,404.0,394.0,400.0,382.0,656.0,52.92
05/24/2010,394.0,412.0,413.0,387.0,846.0,57.71
05/25/2010,412.0,439.0,443.0,413.0,1812.0,63.67
05/26/2010,439.0,429.0,455.0,422.0,1947.0,60.28
05/30/2010,429.0,467.0,467.0,437.0,540.0,67.39
05/31/2010,467.0,441.0,485.0,433.0,1847.0,59.54
06/01/2010,441.0,413.0,433.0,405.0,1775.0,52.45
06/02/2010,413.0,421.0,421.0,420.0,158.0,54.13
06/03/2010,421.0,429.0,437.0,429.0,990.0,55.81
06/07/2010,429.0,419.0,433.0,415.0,1061.0,53.19
06/08/2010,419.0,431.0,431.0,405.0,1164.0,55.87
06/09/2010,431.0,445.0,445.0,439.0,460.0,58.83
06/10/2010,445.0,437.0,444.0,429.0,2006.0,56.5
06/13/2010,437.0,429.0,429.0,429.0,48.0,54.18
06/14/2010,429.0,413.0,421.0,411.0,443.0,49.79
06/15/2010,413.0,421.0,421.0,421.0,183.0,51.89
06/16/2010,421.0,425.0,425.0,421.0,173.0,52.95
06/17/2010,425.0,420.0,422.0,420.0,580.0,51.42
06/20/2010,420.0,421.0,421.0,421.0,62.0,51.72
06/21/2010,421.0,429.0,429.0,420.0,596.0,54.16
06/23/2010,429.0,421.0,421.0,421.0,115.0,51.37
06/24/2010,421.0,409.0,415.0,409.0,1051.0,47.42
06/28/2010,409.0,405.0,405.0,405.0,422.0,46.15
06/29/2010,405.0,404.0,404.0,397.0,419.0,45.82
06/30/2010,404.0,410.0,412.0,404.0,107.0,48.22
07/01/2010,410.0,450.0,450.0,418.0,592.0,60.71
07/04/2010,450.0,433.0,441.0,433.0,160.0,54.68
07/05/2010,433.0,410.0,425.0,410.0,2585.0,47.75
07/06/2010,410.0,450.0,450.0,418.0,179.0,57.77
07/08/2010,450.0,435.0,441.0,419.0,547.0,53.62
07/12/2010,435.0,418.0,434.0,417.0,2429.0,49.3
07/13/2010,418.0,433.0,433.0,420.0,1122.0,52.9
07/14/2010,433.0,449.0,452.0,425.0,1406.0,56.46
07/15/2010,449.0,444.0,462.0,444.0,605.0,55.06
07/18/2010,444.0,436.0,436.0,436.0,27.0,52.81
07/19/2010,436.0,415.0,428.0,415.0,1453.0,47.32
07/20/2010,415.0,421.0,421.0,405.0,336.0,48.95
07/21/2010,421.0,437.0,437.0,421.0,64.0,53.12
07/26/2010,437.0,416.0,429.0,415.0,649.0,47.62
07/27/2010,416.0,413.0,416.0,409.0,405.0,46.88
07/28/2010,413.0,410.0,415.0,410.0,455.0,46.1
07/29/2010,410.0,417.0,417.0,409.0,259.0,48.26
08/01/2010,417.0,439.0,439.0,415.0,898.0,54.43
08/02/2010,439.0,423.0,435.0,420.0,439.0,49.78
08/03/2010,423.0,412.0,415.0,411.0,1741.0,46.82
08/04/2010,412.0,413.0,418.0,412.0,1053.0,47.13
08/05/2010,413.0,411.0,413.0,410.0,1053.0,46.54
08/08/2010,411.0,410.0,410.0,402.0,941.0,46.24
08/09/2010,410.0,400.0,410.0,400.0,475.0,43.18
08/10/2010,400.0,394.0,395.0,390.0,239.0,41.4
08/11/2010,394.0,401.0,401.0,395.0,73.0,44.28
08/12/2010,401.0,380.0,393.0,380.0,285.0,38.22
08/15/2010,380.0,371.0,374.0,371.0,464.0,35.95
08/16/2010,371.0,373.0,377.0,370.0,706.0,36.84
08/17/2010,373.0,354.0,366.0,354.0,534.0,32.23
08/18/2010,354.0,357.0,360.0,350.0,541.0,33.64
08/19/2010,357.0,351.0,358.0,345.0,1085.0,32.19
08/22/2010,351.0,332.0,351.0,332.0,921.0,28.07
08/23/2010,332.0,337.0,337.0,317.0,1498.0,30.59
08/26/2010,337.0,334.0,334.0,325.0,418.0,29.91
08/29/2010,334.0,330.0,330.0,328.0,343.0,28.99
08/30/2010,330.0,330.0,330.0,322.0,1896.0,28.99
08/31/2010,330.0,313.0,327.0,313.0,1326.0,25.17
09/02/2010,313.0,316.0,319.0,314.0,549.0,27.0
09/05/2010,316.0,298.0,315.0,294.0,1343.0,23.32
09/06/2010,298.0,312.0,312.0,300.0,550.0,31.18
09/07/2010,312.0,315.0,316.0,302.0,1723.0,32.77
09/08/2010,315.0,316.0,316.0,310.0,866.0,33.32
09/09/2010,316.0,315.0,315.0,304.0,769.0,33.03
09/12/2010,315.0,305.0,310.0,305.0,350.0,30.18
09/13/2010,305.0,306.0,306.0,302.0,696.0,30.82
09/14/2010,306.0,307.0,307.0,307.0,50.0,31.5
09/15/2010,307.0,301.0,306.0,300.0,123.0,29.62
09/16/2010,301.0,313.0,313.0,307.0,72.0,37.64
09/19/2010,313.0,312.0,312.0,304.0,528.0,37.26
09/20/2010,312.0,305.0,312.0,305.0,961.0,34.61
09/21/2010,305.0,300.0,305.0,300.0,216.0,32.83
09/23/2010,300.0,312.0,312.0,300.0,1197.0,40.74
09/26/2010,312.0,296.0,306.0,294.0,3639.0,34.84
09/27/2010,296.0,304.0,304.0,300.0,489.0,39.56
09/28/2010,304.0,304.0,304.0,302.0,540.0,39.56
09/29/2010,304.0,296.0,304.0,296.0,1421.0,36.5
09/30/2010,296.0,302.0,304.0,301.0,235.0,40.23
10/03/2010,302.0,302.0,302.0,300.0,550.0,40.23
10/04/2010,302.0,305.0,311.0,300.0,954.0,42.2
10/05/2010,305.0,305.0,305.0,305.0,70.0,42.2
10/06/2010,305.0,307.0,310.0,305.0,5586.0,43.64
10/07/2010,307.0,313.0,313.0,307.0,219.0,47.83
10/10/2010,313.0,320.0,320.0,315.0,266.0,52.29
10/11/2010,320.0,320.0,320.0,320.0,352.0,52.29
10/12/2010,320.0,320.0,320.0,319.0,117.0,52.29
10/13/2010,320.0,320.0,320.0,320.0,517.0,52.29
10/20/2010,320.0,332.0,332.0,326.0,157.0,60.14
10/21/2010,332.0,338.0,338.0,338.0,200.0,63.39
10/24/2010,338.0,356.0,371.0,338.0,1978.0,71.01
10/25/2010,356.0,339.0,356.0,339.0,524.0,58.6
10/26/2010,339.0,329.0,335.0,329.0,355.0,52.76
10/27/2010,329.0,330.0,330.0,330.0,96.0,53.26
10/28/2010,330.0,330.0,330.0,330.0,119.0,53.26
10/31/2010,330.0,325.0,330.0,324.0,160.0,50.17
11/01/2010,325.0,328.0,328.0,325.0,278.0,51.97
11/02/2010,328.0,336.0,336.0,330.0,170.0,56.49
11/09/2010,336.0,330.0,330.0,330.0,174.0,52.5
11/11/2010,330.0,333.0,333.0,325.0,2601.0,54.24
11/14/2010,333.0,330.0,330.0,327.0,158.0,52.18
11/15/2010,330.0,327.0,327.0,325.0,651.0,50.13
11/16/2010,327.0,333.0,333.0,328.0,214.0,54.02
11/18/2010,333.0,333.0,333.0,333.0,155.0,54.02
11/21/2010,333.0,335.0,335.0,333.0,477.0,55.37
11/22/2010,335.0,325.0,330.0,325.0,579.0,47.83
11/23/2010,325.0,319.0,319.0,319.0,20.0,43.97
11/24/2010,319.0,328.0,328.0,314.0,452.0,50.44
11/25/2010,328.0,319.0,322.0,316.0,371.0,44.86
11/28/2010,319.0,322.0,322.0,322.0,45.0,46.96
11/29/2010,322.0,318.0,322.0,318.0,64.0,44.52
11/30/2010,318.0,298.0,312.0,298.0,702.0,34.79
12/01/2010,298.0,304.0,304.0,300.0,809.0,39.09
12/02/2010,304.0,306.0,306.0,304.0,1186.0,40.5
12/05/2010,306.0,304.0,310.0,304.0,1138.0,39.51
12/06/2010,304.0,306.0,310.0,305.0,1796.0,41.06
12/07/2010,306.0,302.0,302.0,299.0,566.0,38.92
12/08/2010,302.0,307.0,307.0,303.0,308.0,42.92
12/09/2010,307.0,311.0,311.0,309.0,1517.0,45.97
12/12/2010,311.0,308.0,310.0,308.0,390.0,44.07
12/13/2010,308.0,305.0,311.0,305.0,1787.0,42.19
12/14/2010,305.0,302.0,306.0,299.0,692.0,40.34
12/15/2010,302.0,300.0,302.0,300.0,132.0,39.1
12/16/2010,300.0,301.0,301.0,300.0,195.0,40.09
12/19/2010,301.0,301.0,307.0,301.0,247.0,40.09
12/20/2010,301.0,300.0,302.0,296.0,1093.0,39.35
12/22/2010,300.0,311.0,311.0,300.0,366.0,50.22
12/23/2010,311.0,310.0,316.0,310.0,524.0,49.35
12/26/2010,310.0,305.0,305.0,305.0,214.0,45.16
12/27/2010,305.0,311.0,315.0,311.0,401.0,50.59
12/28/2010,311.0,292.0,305.0,292.0,1121.0,37.82
12/29/2010,292.0,294.0,295.0,293.0,297.0,39.55
01/02/2011,294.0,295.0,295.0,290.0,1160.0,40.44
01/03/2011,295.0,300.0,300.0,295.0,1261.0,44.83
01/04/2011,300.0,300.0,300.0,300.0,163.0,44.83
01/05/2011,300.0,294.0,300.0,294.0,629.0,40.66
01/06/2011,294.0,296.0,296.0,295.0,286.0,42.58
01/09/2011,296.0,295.0,298.0,295.0,195.0,41.85
01/10/2011,295.0,298.0,299.0,298.0,347.0,44.89
01/11/2011,298.0,302.0,302.0,298.0,432.0,48.74
01/12/2011,302.0,298.0,298.0,298.0,199.0,45.33
01/13/2011,298.0,307.0,307.0,296.0,560.0,53.25
01/16/2011,307.0,300.0,310.0,300.0,555.0,47.49
01/17/2011,300.0,305.0,306.0,304.0,523.0,51.53
01/18/2011,305.0,300.0,300.0,295.0,1506.0,47.59
01/19/2011,300.0,304.0,304.0,299.0,637.0,50.83
01/20/2011,304.0,304.0,304.0,304.0,221.0,50.83
01/23/2011,304.0,310.0,310.0,304.0,707.0,55.6
01/24/2011,310.0,328.0,328.0,310.0,218.0,66.2
01/31/2011,328.0,316.0,322.0,316.0,94.0,56.51
02/01/2011,316.0,312.0,316.0,306.0,1145.0,53.69
02/02/2011,312.0,305.0,307.0,305.0,492.0,49.08
02/03/2011,305.0,305.0,305.0,305.0,26.0,49.08
02/06/2011,305.0,312.0,316.0,311.0,1712.0,53.69
02/07/2011,312.0,304.0,306.0,304.0,377.0,48.3
02/08/2011,304.0,299.0,303.0,298.0,725.0,45.25
02/09/2011,299.0,295.0,300.0,295.0,553.0,42.91
02/10/2011,295.0,296.0,296.0,294.0,60.0,43.69
02/13/2011,296.0,286.0,296.0,282.0,2372.0,38.06
02/14/2011,286.0,286.0,286.0,282.0,487.0,38.06
02/15/2011,286.0,295.0,295.0,286.0,397.0,45.4
02/16/2011,295.0,301.0,301.0,299.0,403.0,49.69
02/17/2011,301.0,303.0,303.0,298.0,197.0,51.06
02/20/2011,303.0,290.0,302.0,289.0,3332.0,42.85
02/21/2011,290.0,289.0,294.0,289.0,2457.0,42.29
02/22/2011,289.0,290.0,294.0,290.0,378.0,43.09
02/23/2011,290.0,289.0,289.0,285.0,319.0,42.45
02/24/2011,289.0,285.0,285.0,285.0,244.0,39.91
02/27/2011,285.0,280.0,280.0,275.0,286.0,36.92
02/28/2011,280.0,271.0,281.0,270.0,2034.0,32.25
03/01/2011,271.0,272.0,272.0,270.0,192.0,33.27
03/03/2011,272.0,275.0,292.0,270.0,1477.0,36.33
03/07/2011,275.0,272.0,280.0,272.0,485.0,34.62
03/09/2011,272.0,269.0,270.0,269.0,746.0,32.94
03/10/2011,269.0,272.0,272.0,267.0,927.0,36.27
03/13/2011,272.0,276.0,277.0,271.0,881.0,40.49
03/14/2011,276.0,273.0,278.0,273.0,860.0,38.43
03/15/2011,273.0,251.0,270.0,251.0,324.0,27.42
03/16/2011,251.0,255.0,255.0,243.0,2081.0,31.28
03/17/2011,255.0,260.0,260.0,252.0,679.0,35.86
03/20/2011,260.0,263.0,263.0,256.0,1024.0,38.51
03/21/2011,263.0,260.0,269.0,257.0,1037.0,36.87
03/22/2011,260.0,259.0,264.0,259.0,348.0,36.32
03/23/2011,259.0,277.0,277.0,264.0,148.0,50.71
03/24/2011,277.0,255.0,272.0,251.0,818.0,39.08
03/27/2011,255.0,260.0,260.0,260.0,20.0,42.32
03/28/2011,260.0,265.0,265.0,260.0,1446.0,45.44
03/29/2011,265.0,243.0,260.0,243.0,695.0,36.17
03/30/2011,243.0,247.0,247.0,228.0,1097.0,38.62
03/31/2011,247.0,245.0,250.0,239.0,1227.0,37.84
04/04/2011,245.0,253.0,253.0,245.0,1338.0,42.83
04/05/2011,253.0,253.0,253.0,241.0,691.0,42.83
04/06/2011,253.0,236.0,250.0,236.0,1082.0,35.75
04/07/2011,236.0,259.0,259.0,239.0,1905.0,48.22
04/10/2011,259.0,269.0,269.0,264.0,20.0,52.53
04/11/2011,269.0,249.0,264.0,249.0,118.0,44.54
04/13/2011,249.0,268.0,268.0,253.0,233.0,52.01
04/17/2011,268.0,263.0,263.0,263.0,36.0,50.1
04/20/2011,263.0,263.0,263.0,258.0,50.0,50.1
04/21/2011,263.0,258.0,258.0,258.0,44.0,48.05
04/26/2011,258.0,254.0,254.0,254.0,68.0,46.42
04/27/2011,254.0,250.0,250.0,249.0,136.0,44.77
04/28/2011,250.0,250.0,255.0,250.0,50.0,44.77
05/02/2011,250.0,237.0,245.0,237.0,197.0,39.51
05/03/2011,237.0,214.0,233.0,214.0,3424.0,32.28
05/04/2011,214.0,211.0,211.0,202.0,812.0,31.47
05/05/2011,211.0,222.0,222.0,206.0,1133.0,37.64
05/08/2011,222.0,214.0,218.0,214.0,67.0,35.16
05/09/2011,214.0,218.0,218.0,218.0,30.0,37.38
05/10/2011,218.0,233.0,233.0,215.0,1080.0,44.99
05/11/2011,233.0,235.0,241.0,230.0,1776.0,45.94
05/12/2011,235.0,239.0,239.0,231.0,419.0,47.87
05/15/2011,239.0,238.0,243.0,238.0,692.0,47.41
05/16/2011,238.0,236.0,240.0,236.0,277.0,46.46
05/18/2011,236.0,240.0,240.0,236.0,212.0,48.68
05/19/2011,240.0,239.0,242.0,239.0,1236.0,48.14
05/22/2011,239.0,238.0,238.0,235.0,317.0,47.57
05/23/2011,238.0,239.0,239.0,231.0,340.0,48.23
05/24/2011,239.0,239.0,242.0,238.0,307.0,48.23
05/26/2011,239.0,238.0,238.0,237.0,476.0,47.54
05/30/2011,238.0,240.0,242.0,239.0,408.0,49.1
05/31/2011,240.0,235.0,238.0,235.0,508.0,45.46
06/01/2011,235.0,231.0,235.0,231.0,384.0,42.72
06/02/2011,231.0,216.0,227.0,215.0,1244.0,34.37
06/05/2011,216.0,212.0,216.0,210.0,756.0,32.54
06/06/2011,212.0,208.0,209.0,204.0,556.0,30.78
06/07/2011,208.0,201.0,205.0,196.0,1083.0,27.93
06/08/2011,201.0,200.0,200.0,197.0,834.0,27.54
06/09/2011,200.0,200.0,201.0,192.0,3113.0,27.54
06/12/2011,200.0,201.0,210.0,199.0,937.0,28.7
06/13/2011,201.0,193.0,200.0,190.0,1938.0,25.22
06/14/2011,193.0,186.0,193.0,186.0,807.0,22.63
06/15/2011,186.0,185.0,189.0,183.0,376.0,22.28
06/16/2011,185.0,182.0,182.0,182.0,248.0,21.22
06/19/2011,182.0,200.0,200.0,185.0,80.0,39.81
06/20/2011,200.0,220.0,220.0,204.0,50.0,53.06
06/21/2011,220.0,242.0,242.0,224.0,70.0,62.77
06/23/2011,242.0,266.0,266.0,246.0,293.0,70.05
06/26/2011,266.0,240.0,292.0,240.0,7207.0,57.04
06/27/2011,240.0,216.0,236.0,216.0,934.0,48.15
06/29/2011,216.0,200.0,216.0,196.0,1201.0,43.3
06/30/2011,200.0,219.0,220.0,204.0,3280.0,49.77
07/03/2011,219.0,240.0,240.0,223.0,775.0,55.77
07/04/2011,240.0,251.0,260.0,244.0,1502.0,58.56
07/05/2011,251.0,245.0,255.0,242.0,3550.0,56.47
07/06/2011,245.0,253.0,262.0,244.0,2264.0,58.6
07/07/2011,253.0,259.0,259.0,245.0,2756.0,60.17
07/10/2011,259.0,261.0,268.0,255.0,3768.0,60.7
07/11/2011,261.0,260.0,266.0,257.0,871.0,60.27
07/12/2011,260.0,265.0,269.0,260.0,1621.0,61.75
07/13/2011,265.0,270.0,280.0,260.0,2602.0,63.22
07/14/2011,270.0,270.0,290.0,270.0,3458.0,63.22
07/17/2011,270.0,275.0,275.0,275.0,982.0,64.8
07/18/2011,275.0,250.0,290.0,250.0,3327.0,52.66
07/19/2011,250.0,272.0,275.0,255.0,2029.0,59.8
07/20/2011,272.0,274.0,280.0,272.0,1126.0,60.38
07/21/2011,274.0,285.0,293.0,279.0,1449.0,63.52
07/24/2011,285.0,274.0,280.0,265.0,2701.0,58.52
07/25/2011,274.0,261.0,269.0,256.0,1067.0,53.19
07/26/2011,261.0,265.0,266.0,261.0,316.0,54.56
07/27/2011,265.0,280.0,280.0,265.0,1554.0,59.37
07/28/2011,280.0,270.0,286.0,265.0,4550.0,55.18
07/31/2011,270.0,262.0,265.0,256.0,2454.0,52.02
08/01/2011,262.0,262.0,262.0,262.0,176.0,52.02
08/02/2011,262.0,260.0,260.0,250.0,3005.0,51.17
08/03/2011,260.0,262.0,262.0,250.0,6461.0,52.01
08/04/2011,262.0,265.0,265.0,261.0,481.0,53.32
08/07/2011,265.0,257.0,260.0,250.0,1579.0,49.46
08/08/2011,257.0,255.0,255.0,253.0,266.0,48.51
08/09/2011,255.0,255.0,255.0,250.0,658.0,48.51
08/10/2011,255.0,257.0,261.0,251.0,237.0,49.63
08/11/2011,257.0,260.0,262.0,260.0,920.0,51.33
08/15/2011,260.0,262.0,265.0,260.0,4594.0,52.49
08/16/2011,262.0,261.0,264.0,258.0,1103.0,51.83
08/17/2011,261.0,260.0,262.0,259.0,1434.0,51.13
08/18/2011,260.0,263.0,263.0,255.0,1368.0,53.16
08/22/2011,263.0,257.0,260.0,257.0,507.0,48.79
08/23/2011,257.0,260.0,260.0,256.0,662.0,50.96
08/24/2011,260.0,260.0,264.0,260.0,645.0,50.96
08/25/2011,260.0,255.0,259.0,251.0,1655.0,47.11
08/28/2011,255.0,247.0,250.0,247.0,637.0,41.67
08/29/2011,247.0,251.0,251.0,242.0,1724.0,45.09
08/30/2011,251.0,248.0,256.0,248.0,965.0,43.05
09/01/2011,248.0,253.0,253.0,245.0,750.0,47.32
09/04/2011,253.0,251.0,253.0,250.0,1948.0,45.84
09/05/2011,251.0,244.0,250.0,244.0,1105.0,41.01
09/06/2011,244.0,241.0,251.0,241.0,842.0,39.11
09/07/2011,241.0,230.0,241.0,229.0,2113.0,33.06
09/08/2011,230.0,228.0,228.0,224.0,575.0,32.08
09/12/2011,228.0,224.0,225.0,224.0,412.0,30.17
09/13/2011,224.0,227.0,227.0,220.0,617.0,33.38
09/14/2011,227.0,226.0,230.0,226.0,444.0,32.84
09/15/2011,226.0,226.0,230.0,225.0,691.0,32.84
09/18/2011,226.0,230.0,230.0,229.0,97.0,37.54
09/19/2011,230.0,225.0,230.0,224.0,572.0,34.31
09/20/2011,225.0,224.0,225.0,221.0,1224.0,33.68
09/21/2011,224.0,225.0,225.0,221.0,385.0,34.96
09/22/2011,225.0,229.0,229.0,221.0,179.0,39.93
09/25/2011,229.0,232.0,237.0,232.0,779.0,43.42
09/26/2011,232.0,235.0,235.0,233.0,1160.0,46.76
09/27/2011,235.0,239.0,243.0,239.0,324.0,50.91
09/29/2011,239.0,243.0,243.0,240.0,854.0,54.72
10/02/2011,243.0,243.0,247.0,243.0,428.0,54.72
10/10/2011,243.0,247.0,247.0,247.0,64.0,58.46
10/12/2011,247.0,240.0,252.0,240.0,410.0,50.59
10/13/2011,240.0,247.0,247.0,242.0,628.0,56.84
10/16/2011,247.0,236.0,247.0,236.0,435.0,46.82
10/17/2011,236.0,235.0,237.0,234.0,1090.0,46.02
10/18/2011,235.0,231.0,232.0,230.0,1321.0,42.89
10/19/2011,231.0,238.0,243.0,235.0,777.0,49.39
10/20/2011,238.0,231.0,240.0,231.0,490.0,43.99
10/23/2011,231.0,227.0,232.0,227.0,641.0,41.22
10/24/2011,227.0,232.0,234.0,230.0,859.0,45.82
10/25/2011,232.0,233.0,236.0,231.0,814.0,46.71
10/31/2011,233.0,248.0,248.0,237.0,961.0,57.95
11/02/2011,248.0,270.0,272.0,252.0,1275.0,68.46
11/03/2011,270.0,258.0,285.0,249.0,12044.0,59.7
11/06/2011,258.0,255.0,255.0,250.0,1158.0,57.71
11/08/2011,255.0,248.0,255.0,245.0,397.0,53.25
11/09/2011,248.0,242.0,250.0,237.0,2052.0,49.71
11/10/2011,242.0,243.0,245.0,230.0,8330.0,50.3
11/13/2011,243.0,239.0,243.0,239.0,218.0,47.87
11/14/2011,239.0,241.0,241.0,239.0,575.0,49.19
11/15/2011,241.0,244.0,244.0,240.0,206.0,51.19
11/16/2011,244.0,246.0,248.0,243.0,325.0,52.53
11/17/2011,246.0,246.0,246.0,246.0,200.0,52.53
11/20/2011,246.0,235.0,242.0,230.0,7935.0,44.69
11/21/2011,235.0,235.0,236.0,235.0,1673.0,44.69
11/22/2011,235.0,239.0,239.0,239.0,53.0,47.97
11/23/2011,239.0,242.0,242.0,240.0,496.0,50.34
11/24/2011,242.0,235.0,242.0,234.0,1777.0,45.16
11/27/2011,235.0,235.0,238.0,232.0,1946.0,45.16
11/28/2011,235.0,235.0,236.0,235.0,208.0,45.16
11/29/2011,235.0,230.0,235.0,229.0,1359.0,41.36
11/30/2011,230.0,234.0,234.0,230.0,984.0,45.33
12/04/2011,234.0,235.0,236.0,234.0,705.0,46.3
12/05/2011,235.0,235.0,235.0,232.0,1377.0,46.3
12/06/2011,235.0,236.0,239.0,235.0,190.0,47.39
12/07/2011,236.0,235.0,235.0,233.0,550.0,46.38
12/08/2011,235.0,233.0,236.0,232.0,897.0,44.33
12/11/2011,233.0,230.0,234.0,229.0,3003.0,41.39
12/12/2011,230.0,229.0,230.0,223.0,2827.0,40.43
12/13/2011,229.0,223.0,227.0,223.0,1926.0,35.14
12/15/2011,223.0,217.0,217.0,217.0,275.0,30.8
12/20/2011,217.0,206.0,213.0,206.0,654.0,24.76
12/21/2011,206.0,203.0,204.0,201.0,1268.0,23.41
12/26/2011,203.0,207.0,207.0,207.0,20.0,28.97
12/27/2011,207.0,203.0,203.0,203.0,127.0,26.87
12/28/2011,203.0,204.0,204.0,200.0,991.0,28.27
12/29/2011,204.0,204.0,204.0,201.0,258.0,28.27
01/01/2012,204.0,171.0,171.0,171.0,532.0,16.32
01/02/2012,171.0,213.0,213.0,208.0,419.0,47.01
01/03/2012,213.0,225.0,228.0,217.0,2840.0,52.39
01/04/2012,225.0,221.0,221.0,221.0,200.0,50.55
01/05/2012,221.0,219.0,223.0,219.0,158.0,49.61
01/08/2012,219.0,223.0,223.0,219.0,805.0,51.55
01/09/2012,223.0,222.0,222.0,221.0,832.0,51.02
01/11/2012,222.0,216.0,225.0,215.0,878.0,47.85
01/12/2012,216.0,232.0,232.0,220.0,80.0,55.74
01/23/2012,232.0,213.0,228.0,210.0,3035.0,46.7
01/25/2012,213.0,211.0,213.0,209.0,486.0,45.86
01/26/2012,211.0,214.0,214.0,209.0,1143.0,47.4
01/29/2012,214.0,214.0,218.0,214.0,291.0,47.4
01/31/2012,214.0,217.0,217.0,217.0,32.0,49.07
02/01/2012,217.0,214.0,214.0,214.0,64.0,47.44
02/02/2012,214.0,212.0,216.0,211.0,1523.0,46.34
02/05/2012,212.0,207.0,212.0,206.0,1993.0,43.61
02/06/2012,207.0,207.0,209.0,205.0,4406.0,43.61
02/07/2012,207.0,205.0,207.0,204.0,2102.0,42.46
02/08/2012,205.0,203.0,206.0,202.0,1794.0,41.27
02/09/2012,203.0,203.0,207.0,201.0,855.0,41.27
02/12/2012,203.0,206.0,206.0,203.0,330.0,43.98
02/13/2012,206.0,207.0,209.0,205.0,1436.0,44.9
02/14/2012,207.0,210.0,211.0,210.0,116.0,47.65
02/15/2012,210.0,205.0,207.0,203.0,1233.0,43.73
02/16/2012,205.0,206.0,207.0,200.0,1228.0,44.71
02/23/2012,206.0,203.0,203.0,203.0,645.0,42.33
02/26/2012,203.0,203.0,207.0,203.0,391.0,42.32
02/27/2012,203.0,205.0,205.0,201.0,1120.0,44.61
02/28/2012,205.0,209.0,209.0,205.0,760.0,48.96
02/29/2012,209.0,211.0,211.0,210.0,1209.0,51.04
03/01/2012,211.0,211.0,211.0,211.0,70.0,51.04
03/04/2012,211.0,210.0,210.0,206.0,1091.0,49.86
03/05/2012,210.0,210.0,210.0,210.0,100.0,49.86
03/06/2012,210.0,212.0,212.0,212.0,90.0,52.4
03/11/2012,212.0,208.0,212.0,208.0,432.0,47.25
03/12/2012,208.0,206.0,208.0,204.0,4702.0,44.87
03/13/2012,206.0,204.0,209.0,204.0,7475.0,42.57
03/14/2012,204.0,202.0,205.0,196.0,13277.0,40.33
03/15/2012,202.0,202.0,205.0,200.0,4621.0,40.33
03/18/2012,202.0,202.0,204.0,200.0,498.0,40.33
03/19/2012,202.0,201.0,204.0,200.0,866.0,39.05
03/20/2012,201.0,200.0,205.0,200.0,558.0,37.76
03/21/2012,200.0,209.0,209.0,200.0,1198.0,52.85
03/25/2012,209.0,202.0,205.0,202.0,421.0,43.93
03/26/2012,202.0,203.0,203.0,200.0,838.0,45.35
03/27/2012,203.0,201.0,201.0,199.0,1989.0,43.01
03/28/2012,201.0,202.0,202.0,199.0,1572.0,44.55
03/29/2012,202.0,201.0,201.0,200.0,1052.0,43.29
04/01/2012,201.0,203.0,203.0,197.0,232.0,46.55
04/02/2012,203.0,203.0,205.0,201.0,479.0,46.55
04/03/2012,203.0,205.0,207.0,200.0,1349.0,49.89
04/04/2012,205.0,208.0,208.0,206.0,288.0,54.49
04/05/2012,208.0,207.0,207.0,207.0,385.0,52.75
04/08/2012,207.0,203.0,206.0,202.0,2500.0,46.38
04/09/2012,203.0,207.0,210.0,200.0,5237.0,52.55
04/10/2012,207.0,212.0,212.0,203.0,395.0,58.92
04/11/2012,212.0,214.0,224.0,214.0,1758.0,61.16
04/12/2012,214.0,234.0,234.0,214.0,5677.0,75.55
04/15/2012,234.0,244.0,250.0,238.0,2290.0,79.62
04/17/2012,244.0,223.0,268.0,220.0,12214.0,57.86
04/18/2012,223.0,245.0,245.0,223.0,4246.0,67.79
04/19/2012,245.0,269.0,269.0,249.0,14028.0,74.77
04/22/2012,269.0,295.0,295.0,274.0,7989.0,79.87
04/25/2012,295.0,318.0,318.0,300.0,345.0,83.11
04/26/2012,318.0,349.0,349.0,290.0,24512.0,86.32
04/29/2012,349.0,366.0,366.0,340.0,12609.0,87.7
04/30/2012,366.0,354.0,363.0,335.0,3782.0,81.46
05/03/2012,354.0,389.0,389.0,361.0,735.0,84.84
05/07/2012,389.0,419.0,419.0,396.0,665.0,87.03
05/08/2012,419.0,398.0,435.0,388.0,10810.0,78.49
05/09/2012,398.0,375.0,401.0,368.0,15840.0,70.35
05/10/2012,375.0,362.0,382.0,341.0,12228.0,66.18
05/13/2012,362.0,339.0,355.0,328.0,2389.0,59.45
05/14/2012,339.0,319.0,333.0,310.0,6765.0,54.28
05/15/2012,319.0,350.0,350.0,325.0,2541.0,60.08
05/16/2012,350.0,385.0,385.0,357.0,363.0,65.41
05/17/2012,385.0,378.0,423.0,368.0,8575.0,63.58
05/20/2012,378.0,365.0,385.0,357.0,5590.0,60.21
05/21/2012,365.0,370.0,380.0,357.0,5306.0,61.07
05/22/2012,370.0,352.0,363.0,350.0,5509.0,56.38
05/23/2012,352.0,328.0,345.0,328.0,177.0,50.78
05/24/2012,328.0,349.0,358.0,322.0,3736.0,54.99
05/27/2012,349.0,361.0,379.0,350.0,3808.0,57.24
06/03/2012,361.0,340.0,361.0,340.0,7611.0,52.31
06/04/2012,340.0,325.0,339.0,323.0,3595.0,49.06
06/05/2012,325.0,312.0,319.0,301.0,6115.0,46.37
06/06/2012,312.0,300.0,306.0,290.0,3568.0,43.97
06/07/2012,300.0,296.0,306.0,290.0,4131.0,43.17
06/10/2012,296.0,292.0,301.0,292.0,1628.0,42.34
06/11/2012,292.0,300.0,304.0,297.0,2293.0,44.64
06/12/2012,300.0,296.0,300.0,290.0,4002.0,43.7
06/13/2012,296.0,290.0,296.0,290.0,7853.0,42.27
06/14/2012,290.0,290.0,295.0,290.0,643.0,42.27
06/17/2012,290.0,279.0,293.0,276.0,2482.0,39.51
06/18/2012,279.0,285.0,285.0,270.0,3053.0,41.74
06/19/2012,285.0,279.0,282.0,276.0,1392.0,40.15
06/20/2012,279.0,286.0,295.0,282.0,1674.0,42.89
06/21/2012,286.0,295.0,296.0,290.0,1321.0,46.29
06/25/2012,295.0,313.0,313.0,295.0,4473.0,52.4
06/26/2012,313.0,301.0,307.0,300.0,335.0,48.45
06/27/2012,301.0,312.0,312.0,302.0,2594.0,52.02
06/28/2012,312.0,319.0,325.0,316.0,3456.0,54.2
07/01/2012,319.0,310.0,320.0,309.0,2504.0,50.99
07/02/2012,310.0,300.0,310.0,297.0,7545.0,47.62
07/03/2012,300.0,306.0,306.0,305.0,198.0,49.77
07/04/2012,306.0,310.0,313.0,306.0,3142.0,51.2
07/05/2012,310.0,319.0,319.0,311.0,1329.0,54.36
07/08/2012,319.0,316.0,325.0,308.0,728.0,53.13
07/09/2012,316.0,312.0,312.0,300.0,4371.0,51.45
07/10/2012,312.0,315.0,319.0,313.0,1799.0,52.66
07/11/2012,315.0,315.0,317.0,314.0,2579.0,52.66
07/12/2012,315.0,317.0,317.0,307.0,756.0,53.55
07/15/2012,317.0,345.0,345.0,311.0,1583.0,63.83
07/19/2012,345.0,329.0,339.0,324.0,5242.0,56.18
07/22/2012,329.0,339.0,345.0,331.0,6695.0,59.45
07/23/2012,339.0,337.0,345.0,336.0,1376.0,58.51
07/24/2012,337.0,332.0,335.0,325.0,1730.0,56.12
07/25/2012,332.0,330.0,334.0,326.0,2760.0,55.15
07/26/2012,330.0,325.0,328.0,321.0,2881.0,52.69
07/29/2012,325.0,319.0,325.0,315.0,710.0,49.83
07/30/2012,319.0,321.0,325.0,320.0,3854.0,50.79
07/31/2012,321.0,325.0,325.0,315.0,4035.0,52.74
08/01/2012,325.0,329.0,329.0,321.0,2464.0,54.67
08/05/2012,329.0,322.0,323.0,322.0,225.0,50.76
08/06/2012,322.0,321.0,321.0,317.0,2038.0,50.2
08/07/2012,321.0,325.0,325.0,317.0,4128.0,52.44
08/08/2012,325.0,319.0,324.0,316.0,1586.0,48.9
08/12/2012,319.0,320.0,320.0,320.0,23.0,49.51
08/13/2012,320.0,310.0,314.0,302.0,2387.0,43.85
08/14/2012,310.0,300.0,310.0,298.0,2674.0,39.05
08/15/2012,300.0,294.0,300.0,290.0,1398.0,36.47
08/16/2012,294.0,304.0,304.0,282.0,2958.0,43.2
08/19/2012,304.0,302.0,307.0,300.0,5461.0,42.24
08/21/2012,302.0,295.0,300.0,295.0,2083.0,38.96
08/22/2012,295.0,294.0,300.0,293.0,2504.0,38.5
08/23/2012,294.0,290.0,297.0,288.0,3117.0,36.64
08/26/2012,290.0,290.0,298.0,289.0,1525.0,36.64
08/27/2012,290.0,297.0,303.0,294.0,2122.0,42.3
08/28/2012,297.0,300.0,304.0,300.0,3751.0,44.59
08/29/2012,300.0,302.0,305.0,298.0,2384.0,46.12
08/30/2012,302.0,300.0,306.0,299.0,1742.0,44.79
09/02/2012,300.0,306.0,312.0,303.0,7500.0,49.51
09/03/2012,306.0,312.0,312.0,304.0,2962.0,53.77
09/04/2012,312.0,310.0,310.0,302.0,2001.0,52.19
09/05/2012,310.0,308.0,308.0,304.0,4735.0,50.59
09/06/2012,308.0,310.0,312.0,306.0,2065.0,52.16
09/09/2012,310.0,309.0,312.0,306.0,1089.0,51.28
09/10/2012,309.0,305.0,305.0,304.0,2020.0,47.8
09/11/2012,305.0,307.0,310.0,301.0,1582.0,49.64
09/12/2012,307.0,316.0,317.0,307.0,3970.0,57.0
09/13/2012,316.0,310.0,311.0,310.0,1978.0,51.59
09/16/2012,310.0,312.0,312.0,310.0,1734.0,53.18
09/17/2012,312.0,318.0,318.0,309.0,1692.0,57.68
09/18/2012,318.0,318.0,324.0,318.0,2227.0,57.68
09/19/2012,318.0,320.0,324.0,315.0,1886.0,59.2
09/20/2012,320.0,310.0,316.0,310.0,1314.0,49.62
09/23/2012,310.0,307.0,310.0,301.0,1281.0,47.15
09/24/2012,307.0,298.0,304.0,298.0,1532.0,40.63
09/25/2012,298.0,302.0,302.0,297.0,776.0,44.32
09/26/2012,302.0,304.0,305.0,300.0,1441.0,46.12
09/27/2012,304.0,305.0,305.0,301.0,773.0,47.04
09/30/2012,305.0,300.0,303.0,297.0,625.0,43.07
10/01/2012,300.0,300.0,305.0,300.0,676.0,43.07
10/02/2012,300.0,300.0,300.0,300.0,841.0,43.07
10/03/2012,300.0,295.0,300.0,294.0,2316.0,38.96
10/04/2012,295.0,290.0,298.0,290.0,2165.0,35.33
10/07/2012,290.0,298.0,300.0,290.0,1405.0,44.28
10/08/2012,298.0,300.0,304.0,293.0,1095.0,46.28
10/09/2012,300.0,293.0,298.0,293.0,614.0,40.76
10/10/2012,293.0,290.0,294.0,289.0,1885.0,38.64
10/11/2012,290.0,289.0,290.0,285.0,373.0,37.93
10/14/2012,289.0,289.0,293.0,287.0,480.0,37.93
10/15/2012,289.0,291.0,303.0,286.0,39514.0,40.47
10/17/2012,291.0,302.0,303.0,295.0,2997.0,52.07
10/18/2012,302.0,304.0,305.0,300.0,2442.0,53.83
10/30/2012,304.0,311.0,316.0,304.0,844.0,59.45
10/31/2012,311.0,319.0,323.0,313.0,1705.0,64.73
11/01/2012,319.0,313.0,314.0,308.0,2623.0,58.57
11/04/2012,313.0,316.0,325.0,308.0,2303.0,60.59
11/05/2012,316.0,320.0,323.0,311.0,10411.0,63.17
11/06/2012,320.0,321.0,328.0,320.0,5591.0,63.81
11/07/2012,321.0,331.0,333.0,325.0,6585.0,69.49
11/08/2012,331.0,342.0,356.0,330.0,14160.0,74.28
11/11/2012,342.0,322.0,340.0,317.0,2000.0,56.82
11/12/2012,322.0,339.0,339.0,320.0,2327.0,64.47
11/18/2012,339.0,346.0,347.0,337.0,4422.0,67.05
11/20/2012,346.0,354.0,366.0,345.0,5122.0,69.76
11/21/2012,354.0,343.0,352.0,329.0,5835.0,62.19
11/22/2012,343.0,335.0,341.0,335.0,4444.0,57.32
11/25/2012,335.0,321.0,345.0,319.0,12155.0,49.94
11/26/2012,321.0,323.0,331.0,315.0,36405.0,50.91
11/27/2012,323.0,319.0,322.0,317.0,2094.0,48.87
11/28/2012,319.0,324.0,324.0,317.0,259.0,51.49
11/29/2012,324.0,322.0,322.0,318.0,2244.0,50.38
12/02/2012,322.0,315.0,316.0,315.0,386.0,46.58
12/03/2012,315.0,307.0,312.0,305.0,2374.0,42.63
12/04/2012,307.0,313.0,317.0,308.0,3193.0,46.31
12/05/2012,313.0,329.0,330.0,319.0,3442.0,54.66
12/06/2012,329.0,323.0,326.0,320.0,1369.0,51.43
12/09/2012,323.0,317.0,322.0,316.0,1916.0,48.35
12/10/2012,317.0,325.0,325.0,315.0,1085.0,52.44
12/11/2012,325.0,316.0,320.0,314.0,460.0,47.85
12/13/2012,316.0,319.0,320.0,312.0,3094.0,49.44
12/16/2012,319.0,323.0,331.0,322.0,1579.0,51.56
12/17/2012,323.0,326.0,347.0,316.0,21786.0,53.14
12/18/2012,326.0,327.0,327.0,316.0,813.0,53.68
12/19/2012,327.0,326.0,334.0,320.0,1662.0,53.02
12/20/2012,326.0,329.0,329.0,320.0,5866.0,54.82
12/23/2012,329.0,338.0,338.0,324.0,16382.0,59.81
12/24/2012,338.0,342.0,344.0,335.0,10602.0,61.82
12/26/2012,342.0,341.0,361.0,341.0,10614.0,61.0
12/27/2012,341.0,346.0,359.0,345.0,14104.0,63.61
12/31/2012,346.0,338.0,342.0,328.0,2133.0,57.03
01/01/2013,338.0,328.0,332.0,324.0,1228.0,50.06
01/02/2013,328.0,326.0,326.0,319.0,4379.0,48.78
01/03/2013,326.0,332.0,338.0,310.0,5922.0,52.7
01/06/2013,332.0,330.0,331.0,325.0,2320.0,51.29
01/07/2013,330.0,326.0,329.0,323.0,1287.0,48.5
01/08/2013,326.0,325.0,325.0,320.0,609.0,47.8
01/09/2013,325.0,326.0,326.0,315.0,2990.0,48.6
01/10/2013,326.0,325.0,325.0,320.0,2224.0,47.81
01/13/2013,325.0,322.0,325.0,310.0,3380.0,45.43
01/15/2013,322.0,315.0,327.0,315.0,3278.0,40.38
01/16/2013,315.0,321.0,321.0,312.0,2053.0,45.93
01/17/2013,321.0,316.0,316.0,315.0,924.0,42.38
01/21/2013,316.0,322.0,322.0,316.0,560.0,47.61
01/22/2013,322.0,318.0,323.0,313.0,1062.0,44.7
01/23/2013,318.0,312.0,312.0,312.0,693.0,40.68
01/24/2013,312.0,305.0,312.0,305.0,2240.0,36.56
01/27/2013,305.0,306.0,308.0,299.0,2595.0,37.53
01/28/2013,306.0,304.0,307.0,303.0,726.0,36.33
01/30/2013,304.0,306.0,306.0,301.0,2509.0,38.45
01/31/2013,306.0,305.0,306.0,302.0,2206.0,37.78
02/03/2013,305.0,316.0,316.0,311.0,159.0,48.53
02/04/2013,316.0,320.0,320.0,320.0,34.0,51.79
02/05/2013,320.0,300.0,314.0,300.0,1619.0,38.61
02/06/2013,300.0,303.0,306.0,300.0,2130.0,41.04
02/07/2013,303.0,307.0,307.0,295.0,5988.0,44.2
02/10/2013,307.0,308.0,308.0,302.0,787.0,44.99
02/12/2013,308.0,321.0,326.0,310.0,5349.0,54.14
02/13/2013,321.0,320.0,320.0,315.0,885.0,53.4
02/14/2013,320.0,318.0,322.0,316.0,2100.0,51.88
02/17/2013,318.0,345.0,346.0,324.0,3124.0,65.95
02/19/2013,345.0,337.0,351.0,333.0,5456.0,60.33
02/20/2013,337.0,324.0,336.0,312.0,541.0,52.49
02/21/2013,324.0,331.0,331.0,324.0,639.0,55.81
02/25/2013,331.0,320.0,325.0,314.0,1372.0,49.9
02/26/2013,320.0,321.0,326.0,319.0,4693.0,50.41
02/27/2013,321.0,318.0,319.0,313.0,2678.0,48.79
02/28/2013,318.0,318.0,318.0,310.0,2167.0,48.79
03/03/2013,318.0,315.0,323.0,313.0,520.0,47.04
03/04/2013,315.0,318.0,318.0,314.0,501.0,49.02
03/05/2013,318.0,312.0,312.0,307.0,2576.0,45.38
03/06/2013,312.0,311.0,318.0,305.0,2678.0,44.78
03/07/2013,311.0,311.0,317.0,305.0,6120.0,44.78
03/11/2013,311.0,310.0,317.0,310.0,4531.0,44.11
03/13/2013,310.0,315.0,324.0,306.0,5204.0,48.29
03/14/2013,315.0,321.0,335.0,321.0,1953.0,52.85
03/17/2013,321.0,315.0,320.0,310.0,2535.0,48.26
03/18/2013,315.0,311.0,317.0,305.0,2910.0,45.44
03/19/2013,311.0,312.0,312.0,309.0,2140.0,46.28
03/20/2013,312.0,306.0,312.0,306.0,849.0,42.06
03/21/2013,306.0,308.0,311.0,303.0,2682.0,43.9
03/24/2013,308.0,298.0,302.0,297.0,1359.0,37.49
03/25/2013,298.0,305.0,305.0,300.0,693.0,43.68
03/27/2013,305.0,300.0,303.0,300.0,1483.0,40.59
03/28/2013,300.0,302.0,306.0,294.0,1586.0,42.35
03/31/2013,302.0,301.0,301.0,299.0,2776.0,41.68
04/01/2013,301.0,300.0,302.0,295.0,2200.0,40.99
04/02/2013,300.0,305.0,307.0,304.0,2673.0,45.84
04/03/2013,305.0,302.0,309.0,302.0,2500.0,43.53
04/04/2013,302.0,302.0,303.0,299.0,3144.0,43.53
04/07/2013,302.0,301.0,304.0,300.0,736.0,42.7
04/08/2013,301.0,305.0,305.0,300.0,982.0,47.06
04/09/2013,305.0,306.0,311.0,300.0,4264.0,48.12
04/11/2013,306.0,308.0,313.0,305.0,1547.0,50.27
04/15/2013,308.0,308.0,309.0,305.0,2176.0,50.27
04/16/2013,308.0,306.0,306.0,301.0,6453.0,47.96
04/17/2013,306.0,303.0,304.0,300.0,1216.0,44.65
04/18/2013,303.0,302.0,303.0,301.0,1202.0,43.58
04/21/2013,302.0,299.0,301.0,295.0,2768.0,40.42
04/22/2013,299.0,295.0,295.0,289.0,1405.0,36.62
04/23/2013,295.0,299.0,304.0,297.0,5035.0,42.45
04/25/2013,299.0,295.0,300.0,295.0,1650.0,38.62
04/28/2013,295.0,282.0,292.0,281.0,2417.0,29.35
04/29/2013,282.0,285.0,285.0,280.0,1118.0,33.33
04/30/2013,285.0,283.0,283.0,280.0,1185.0,32.03
05/02/2013,283.0,274.0,279.0,274.0,1866.0,26.96
05/05/2013,274.0,272.0,276.0,272.0,2181.0,25.98
05/06/2013,272.0,272.0,272.0,264.0,3084.0,25.98
05/07/2013,272.0,299.0,299.0,277.0,1917.0,52.9
05/08/2013,299.0,296.0,304.0,288.0,4220.0,50.7
05/09/2013,296.0,285.0,295.0,285.0,2325.0,43.53
05/12/2013,285.0,280.0,283.0,277.0,3143.0,40.71
05/13/2013,280.0,293.0,293.0,275.0,36739.0,49.81
05/14/2013,293.0,290.0,298.0,289.0,1386.0,47.98
05/15/2013,290.0,298.0,301.0,290.0,3621.0,52.94
05/16/2013,298.0,294.0,295.0,290.0,1689.0,50.35
05/19/2013,294.0,290.0,295.0,290.0,5174.0,47.84
05/20/2013,290.0,290.0,294.0,286.0,2557.0,47.84
05/21/2013,290.0,294.0,295.0,288.0,859.0,50.7
05/22/2013,294.0,285.0,293.0,282.0,6137.0,44.75
05/23/2013,285.0,285.0,288.0,283.0,1440.0,44.75
05/26/2013,285.0,289.0,289.0,285.0,944.0,47.9
05/27/2013,289.0,290.0,290.0,284.0,3148.0,48.69
05/28/2013,290.0,292.0,295.0,291.0,1758.0,50.31
05/30/2013,292.0,292.0,294.0,292.0,623.0,50.31
06/02/2013,292.0,288.0,290.0,287.0,1703.0,46.88
06/03/2013,288.0,288.0,291.0,288.0,1850.0,46.88
06/04/2013,288.0,289.0,290.0,284.0,3125.0,47.91
06/05/2013,289.0,290.0,290.0,280.0,906.0,48.97
06/06/2013,290.0,290.0,290.0,286.0,942.0,48.97
06/09/2013,290.0,290.0,290.0,286.0,1046.0,48.97
06/10/2013,290.0,285.0,286.0,281.0,1759.0,43.43
06/11/2013,285.0,286.0,290.0,280.0,1469.0,44.78
06/12/2013,286.0,290.0,290.0,290.0,32.0,49.91
06/13/2013,290.0,295.0,295.0,288.0,2046.0,55.48
06/16/2013,295.0,291.0,291.0,290.0,892.0,50.63
06/17/2013,291.0,281.0,289.0,281.0,827.0,40.98
06/18/2013,281.0,290.0,290.0,286.0,652.0,50.18
06/19/2013,290.0,288.0,288.0,285.0,922.0,48.38
06/20/2013,288.0,290.0,292.0,288.0,4271.0,50.3
06/23/2013,290.0,284.0,286.0,284.0,865.0,44.89
06/24/2013,284.0,286.0,286.0,282.0,3722.0,46.94
06/25/2013,286.0,295.0,295.0,285.0,1725.0,55.04
06/26/2013,295.0,299.0,305.0,295.0,5262.0,58.1
06/27/2013,299.0,289.0,299.0,289.0,1166.0,49.1
06/30/2013,289.0,290.0,291.0,289.0,1151.0,49.94
07/01/2013,290.0,297.0,300.0,288.0,1738.0,55.45
07/02/2013,297.0,293.0,299.0,288.0,2862.0,51.93
07/03/2013,293.0,295.0,295.0,290.0,1109.0,53.52
07/04/2013,295.0,290.0,297.0,283.0,5722.0,49.15
07/07/2013,290.0,292.0,292.0,289.0,865.0,50.87
07/08/2013,292.0,297.0,297.0,287.0,3543.0,54.99
07/09/2013,297.0,300.0,304.0,298.0,2941.0,57.31
07/10/2013,300.0,305.0,305.0,301.0,2425.0,60.91
07/11/2013,305.0,300.0,305.0,298.0,1795.0,55.83
07/14/2013,300.0,303.0,308.0,303.0,852.0,58.09
07/15/2013,303.0,300.0,305.0,298.0,2183.0,55.06
07/16/2013,300.0,302.0,305.0,301.0,1235.0,56.68
07/17/2013,302.0,305.0,305.0,300.0,1262.0,59.07
07/18/2013,305.0,315.0,315.0,305.0,5599.0,65.83
07/21/2013,315.0,332.0,335.0,316.0,8632.0,73.76
07/22/2013,332.0,342.0,354.0,330.0,16489.0,77.13
07/23/2013,342.0,339.0,345.0,337.0,8477.0,74.06
07/24/2013,339.0,336.0,338.0,325.0,10059.0,71.02
07/25/2013,336.0,342.0,342.0,330.0,10326.0,73.37
07/28/2013,342.0,343.0,345.0,334.0,4932.0,73.75
07/29/2013,343.0,342.0,347.0,338.0,8486.0,72.63
07/30/2013,342.0,344.0,347.0,340.0,7131.0,73.5
07/31/2013,344.0,355.0,360.0,349.0,15721.0,77.7
08/01/2013,355.0,355.0,360.0,344.0,9378.0,77.7
08/04/2013,355.0,348.0,353.0,348.0,9506.0,69.56
08/05/2013,348.0,338.0,342.0,331.0,10843.0,59.91
08/06/2013,338.0,339.0,344.0,327.0,7717.0,60.5
08/07/2013,339.0,346.0,348.0,340.0,8497.0,64.45
08/08/2013,346.0,349.0,349.0,343.0,22646.0,66.01
08/11/2013,349.0,361.0,369.0,355.0,38218.0,71.44
08/12/2013,361.0,355.0,369.0,355.0,14400.0,65.78
08/13/2013,355.0,358.0,360.0,355.0,17898.0,67.18
08/14/2013,358.0,354.0,358.0,353.0,6049.0,63.46
08/15/2013,354.0,355.0,357.0,352.0,10433.0,64.0
08/18/2013,355.0,370.0,371.0,345.0,19191.0,70.9
08/19/2013,370.0,387.0,391.0,370.0,18076.0,76.43
08/20/2013,387.0,395.0,404.0,392.0,21576.0,78.49
08/25/2013,395.0,395.0,405.0,394.0,14014.0,78.49
08/26/2013,395.0,396.0,410.0,390.0,19762.0,78.76
08/27/2013,396.0,400.0,401.0,383.0,40422.0,79.85
08/29/2013,400.0,400.0,400.0,393.0,21389.0,79.85
09/01/2013,400.0,397.0,399.0,395.0,6965.0,76.44
09/02/2013,397.0,395.0,395.0,390.0,21059.0,74.17
09/03/2013,395.0,392.0,394.0,390.0,17438.0,70.76
09/04/2013,392.0,389.0,394.0,386.0,5389.0,67.43
09/05/2013,389.0,394.0,395.0,388.0,6594.0,69.97
09/08/2013,394.0,395.0,397.0,392.0,4829.0,70.46
09/09/2013,395.0,396.0,396.0,394.0,5094.0,70.98
09/10/2013,396.0,382.0,393.0,380.0,9457.0,56.19
09/11/2013,382.0,384.0,387.0,380.0,2790.0,57.55
09/12/2013,384.0,388.0,388.0,380.0,5732.0,60.21
09/15/2013,388.0,385.0,385.0,380.0,4796.0,57.31
09/16/2013,385.0,380.0,382.0,375.0,3155.0,52.74
09/17/2013,380.0,393.0,393.0,375.0,2825.0,61.36
09/19/2013,393.0,380.0,386.0,375.0,6040.0,51.29
09/22/2013,380.0,372.0,377.0,370.0,2412.0,46.25
09/23/2013,372.0,363.0,370.0,363.0,3054.0,41.34
09/24/2013,363.0,371.0,372.0,363.0,7330.0,46.75
09/25/2013,371.0,372.0,373.0,368.0,3361.0,47.41
09/26/2013,372.0,367.0,375.0,365.0,3494.0,44.47
09/29/2013,367.0,365.0,371.0,365.0,2322.0,43.31
09/30/2013,365.0,369.0,369.0,361.0,8106.0,46.32
10/01/2013,369.0,370.0,372.0,364.0,7281.0,47.08
10/02/2013,370.0,373.0,374.0,367.0,2296.0,49.38
10/03/2013,373.0,380.0,383.0,375.0,3297.0,54.37
10/06/2013,380.0,380.0,380.0,374.0,1925.0,54.37
10/07/2013,380.0,385.0,385.0,380.0,2676.0,57.81
10/08/2013,385.0,392.0,392.0,389.0,7417.0,62.12
10/09/2013,392.0,388.0,396.0,386.0,5605.0,58.45
10/10/2013,388.0,390.0,395.0,390.0,2208.0,59.73
10/17/2013,390.0,392.0,398.0,392.0,399.0,61.03
10/20/2013,392.0,400.0,401.0,395.0,12849.0,65.77
10/21/2013,400.0,400.0,405.0,392.0,12388.0,65.77
10/22/2013,400.0,390.0,398.0,390.0,1551.0,55.9
10/23/2013,390.0,392.0,392.0,390.0,1124.0,57.29
10/24/2013,392.0,390.0,391.0,388.0,3223.0,55.42
10/27/2013,390.0,390.0,390.0,383.0,2704.0,55.42
10/28/2013,390.0,388.0,395.0,383.0,2319.0,53.4
10/29/2013,388.0,387.0,388.0,386.0,784.0,52.37
10/30/2013,387.0,392.0,393.0,387.0,2887.0,56.84
10/31/2013,392.0,395.0,396.0,390.0,5697.0,59.31
11/06/2013,395.0,394.0,402.0,393.0,634.0,58.12
11/07/2013,394.0,391.0,395.0,387.0,2024.0,54.57
11/10/2013,391.0,393.0,393.0,390.0,2388.0,56.48
11/11/2013,393.0,404.0,407.0,390.0,5578.0,65.14
11/12/2013,404.0,410.0,420.0,400.0,21927.0,68.79
11/13/2013,410.0,416.0,418.0,400.0,25596.0,71.96
11/14/2013,416.0,410.0,413.0,408.0,9592.0,64.88
11/21/2013,410.0,442.0,442.0,418.0,281.0,77.56
11/24/2013,442.0,460.0,486.0,450.0,25192.0,81.59
11/25/2013,460.0,460.0,474.0,439.0,11761.0,81.59
11/26/2013,460.0,458.0,472.0,458.0,15974.0,79.74
11/27/2013,458.0,460.0,467.0,455.0,5518.0,80.22
11/28/2013,460.0,455.0,460.0,450.0,7593.0,75.4
12/01/2013,455.0,471.0,484.0,464.0,24214.0,79.62
12/02/2013,471.0,491.0,491.0,471.0,20439.0,83.45
12/03/2013,491.0,500.0,510.0,499.0,19036.0,84.83
12/04/2013,500.0,515.0,550.0,510.0,14632.0,86.8
12/05/2013,515.0,530.0,561.0,517.0,18149.0,88.43
12/08/2013,530.0,531.0,549.0,520.0,24817.0,88.53
12/09/2013,531.0,545.0,546.0,528.0,14569.0,89.86
12/10/2013,545.0,546.0,554.0,539.0,13358.0,89.95
12/11/2013,546.0,570.0,580.0,550.0,8005.0,91.83
12/12/2013,570.0,580.0,583.0,571.0,14273.0,92.46
12/15/2013,580.0,635.0,635.0,570.0,17436.0,94.83
12/16/2013,635.0,690.0,692.0,647.0,10066.0,96.14
12/18/2013,690.0,710.0,731.0,703.0,13606.0,96.48
12/19/2013,710.0,675.0,700.0,670.0,14344.0,82.48
12/22/2013,675.0,671.0,680.0,640.0,16844.0,81.04
12/23/2013,671.0,639.0,671.0,639.0,12231.0,70.39
12/24/2013,639.0,645.0,675.0,590.0,25045.0,71.16
12/26/2013,645.0,686.0,706.0,657.0,23814.0,75.77
12/29/2013,686.0,675.0,690.0,666.0,13539.0,72.42
12/31/2013,675.0,658.0,670.0,653.0,13521.0,67.47
01/01/2014,658.0,658.0,661.0,639.0,30824.0,67.47
01/02/2014,658.0,600.0,615.0,577.0,1794.0,53.1
01/05/2014,600.0,587.0,606.0,581.0,1816.0,50.5
01/06/2014,587.0,575.0,592.0,568.0,1613.0,48.16
01/07/2014,575.0,580.0,580.0,566.0,4610.0,49.22
01/08/2014,580.0,580.0,601.0,570.0,14172.0,49.22
01/09/2014,580.0,577.0,581.0,577.0,3284.0,48.53
01/12/2014,577.0,586.0,598.0,580.0,4556.0,50.75
01/13/2014,586.0,590.0,590.0,575.0,5931.0,51.75
01/14/2014,590.0,600.0,602.0,579.0,5967.0,54.25
01/16/2014,600.0,595.0,612.0,595.0,7486.0,52.78
01/19/2014,595.0,590.0,590.0,585.0,631.0,51.28
01/20/2014,590.0,580.0,587.0,578.0,5822.0,48.33
01/21/2014,580.0,588.0,591.0,580.0,996.0,50.77
01/22/2014,588.0,585.0,587.0,579.0,7673.0,49.82
01/23/2014,585.0,589.0,590.0,580.0,2566.0,51.13
01/26/2014,589.0,585.0,590.0,580.0,1590.0,49.73
01/27/2014,585.0,570.0,575.0,565.0,605.0,44.77
01/28/2014,570.0,576.0,581.0,570.0,1421.0,47.05
01/29/2014,576.0,575.0,578.0,568.0,1198.0,46.7
02/02/2014,575.0,575.0,590.0,575.0,5265.0,46.7
02/03/2014,575.0,571.0,580.0,570.0,3697.0,45.16
02/04/2014,571.0,568.0,575.0,568.0,7146.0,43.99
02/05/2014,568.0,580.0,585.0,575.0,1340.0,49.61
02/06/2014,580.0,574.0,585.0,565.0,21299.0,47.07
02/09/2014,574.0,570.0,576.0,565.0,5065.0,45.4
02/10/2014,570.0,601.0,620.0,581.0,3713.0,57.88
02/11/2014,601.0,582.0,600.0,575.0,15906.0,50.29
02/12/2014,582.0,577.0,595.0,577.0,1627.0,48.49
02/13/2014,577.0,580.0,592.0,580.0,2363.0,49.66
02/16/2014,580.0,587.0,587.0,575.0,1795.0,52.37
02/17/2014,587.0,585.0,602.0,585.0,1826.0,51.51
02/18/2014,585.0,588.0,591.0,576.0,2760.0,52.75
02/20/2014,588.0,590.0,604.0,575.0,11158.0,53.61
02/23/2014,590.0,595.0,605.0,590.0,8792.0,55.76
02/24/2014,595.0,595.0,615.0,595.0,11724.0,55.76
02/25/2014,595.0,601.0,605.0,590.0,4557.0,58.44
02/26/2014,601.0,590.0,603.0,576.0,4471.0,52.19
03/03/2014,590.0,577.0,581.0,570.0,2468.0,45.94
03/04/2014,577.0,575.0,575.0,560.0,5896.0,45.05
03/05/2014,575.0,581.0,588.0,575.0,3966.0,48.3
03/06/2014,581.0,570.0,585.0,570.0,1382.0,43.25
03/09/2014,570.0,542.0,561.0,542.0,3692.0,33.61
03/10/2014,542.0,541.0,560.0,541.0,7723.0,33.33
03/11/2014,541.0,535.0,550.0,535.0,6132.0,31.59
03/12/2014,535.0,545.0,545.0,527.0,4342.0,37.44
03/13/2014,545.0,541.0,568.0,541.0,4483.0,36.11
03/17/2014,541.0,525.0,532.0,520.0,3912.0,31.32
03/18/2014,525.0,520.0,527.0,516.0,14452.0,29.98
03/19/2014,520.0,525.0,544.0,520.0,2791.0,33.06
03/20/2014,525.0,529.0,530.0,520.0,10417.0,35.5
03/23/2014,529.0,531.0,531.0,520.0,6259.0,36.75
03/24/2014,531.0,542.0,542.0,530.0,5075.0,43.23
03/25/2014,542.0,542.0,542.0,535.0,3889.0,43.23
03/26/2014,542.0,540.0,545.0,540.0,1683.0,42.32
03/27/2014,540.0,537.0,542.0,534.0,5068.0,40.92
03/31/2014,537.0,545.0,545.0,531.0,8164.0,46.04
04/01/2014,545.0,544.0,553.0,535.0,5991.0,45.51
04/02/2014,544.0,555.0,560.0,545.0,7472.0,52.06
04/03/2014,555.0,550.0,561.0,550.0,5404.0,49.17
04/06/2014,550.0,543.0,550.0,530.0,3861.0,45.36
04/07/2014,543.0,538.0,541.0,534.0,6457.0,42.82
04/09/2014,538.0,540.0,548.0,535.0,8384.0,44.17
04/10/2014,540.0,555.0,560.0,542.0,4157.0,53.11
04/13/2014,555.0,567.0,573.0,558.0,5053.0,58.8
04/15/2014,567.0,561.0,570.0,560.0,3866.0,55.19
04/16/2014,561.0,556.0,560.0,550.0,2574.0,52.32
04/17/2014,556.0,555.0,560.0,544.0,9120.0,51.73
04/20/2014,555.0,549.0,555.0,545.0,5444.0,48.27
04/21/2014,549.0,545.0,550.0,536.0,3790.0,46.06
04/22/2014,545.0,552.0,552.0,537.0,17530.0,50.35
04/23/2014,552.0,555.0,561.0,552.0,3311.0,52.11
04/27/2014,555.0,548.0,555.0,548.0,1535.0,47.85
04/28/2014,548.0,536.0,549.0,530.0,4612.0,41.58
04/29/2014,536.0,531.0,536.0,526.0,7200.0,39.27
04/30/2014,531.0,539.0,543.0,526.0,9134.0,44.57
05/04/2014,539.0,560.0,564.0,546.0,12125.0,55.55
05/05/2014,560.0,602.0,602.0,555.0,8672.0,68.84
05/06/2014,602.0,617.0,640.0,590.0,29604.0,72.06
05/07/2014,617.0,612.0,637.0,612.0,11268.0,69.48
05/08/2014,612.0,609.0,619.0,604.0,8514.0,67.92
05/11/2014,609.0,600.0,610.0,595.0,9135.0,63.3
05/12/2014,600.0,606.0,613.0,605.0,7377.0,65.01
05/13/2014,606.0,608.0,615.0,608.0,9992.0,65.58
05/15/2014,608.0,620.0,622.0,610.0,8599.0,68.88
05/18/2014,620.0,625.0,635.0,615.0,7652.0,70.17
05/19/2014,625.0,619.0,628.0,615.0,11925.0,66.62
05/20/2014,619.0,618.0,618.0,612.0,3719.0,66.02
05/21/2014,618.0,623.0,625.0,600.0,9668.0,67.59
05/22/2014,623.0,622.0,626.0,607.0,11693.0,66.92
05/25/2014,622.0,633.0,656.0,625.0,11842.0,70.38
05/26/2014,633.0,636.0,640.0,628.0,8592.0,71.26
05/27/2014,636.0,640.0,640.0,631.0,6493.0,72.44
05/28/2014,640.0,650.0,651.0,635.0,10391.0,75.18
06/01/2014,650.0,699.0,702.0,650.0,16668.0,83.73
06/02/2014,699.0,702.0,712.0,690.0,34422.0,84.09
06/03/2014,702.0,735.0,760.0,710.0,27005.0,87.4
06/04/2014,735.0,750.0,754.0,734.0,27167.0,88.57
06/05/2014,750.0,736.0,747.0,725.0,11757.0,81.03
06/08/2014,736.0,731.0,743.0,729.0,8247.0,78.47
06/09/2014,731.0,722.0,731.0,713.0,10661.0,73.93
06/10/2014,722.0,725.0,740.0,721.0,10186.0,74.46
06/11/2014,725.0,731.0,745.0,722.0,14183.0,75.53
06/12/2014,731.0,740.0,740.0,712.0,18974.0,77.08
06/15/2014,740.0,745.0,755.0,741.0,11152.0,77.92
06/16/2014,745.0,741.0,754.0,741.0,7754.0,75.54
06/17/2014,741.0,735.0,745.0,720.0,5935.0,71.99
06/18/2014,735.0,732.0,739.0,730.0,6868.0,70.21
06/19/2014,732.0,724.0,730.0,719.0,7642.0,65.55
06/23/2014,724.0,730.0,730.0,705.0,6128.0,67.3
06/24/2014,730.0,719.0,736.0,716.0,8561.0,61.17
06/25/2014,719.0,730.0,746.0,723.0,5323.0,64.64
06/26/2014,730.0,731.0,740.0,730.0,3995.0,64.95
06/29/2014,731.0,730.0,744.0,729.0,6610.0,64.35
06/30/2014,730.0,735.0,743.0,730.0,9706.0,66.04
07/01/2014,735.0,735.0,746.0,725.0,10726.0,66.04
07/02/2014,735.0,742.0,749.0,735.0,6814.0,68.47
07/03/2014,742.0,736.0,745.0,733.0,9414.0,64.23
07/06/2014,736.0,739.0,742.0,730.0,8238.0,65.38
07/07/2014,739.0,750.0,752.0,738.0,8810.0,69.3
07/08/2014,750.0,775.0,775.0,753.0,11742.0,75.95
07/09/2014,775.0,781.0,781.0,760.0,6685.0,77.23
07/10/2014,781.0,800.0,816.0,755.0,11021.0,80.72
07/13/2014,800.0,816.0,835.0,807.0,17232.0,83.07
07/14/2014,816.0,810.0,832.0,800.0,11478.0,79.17
07/15/2014,810.0,810.0,818.0,800.0,9633.0,79.17
07/16/2014,810.0,811.0,835.0,802.0,15435.0,79.36
07/17/2014,811.0,820.0,825.0,805.0,7000.0,81.01
07/20/2014,820.0,876.0,877.0,827.0,18138.0,87.65
07/21/2014,876.0,865.0,900.0,860.0,12535.0,81.62
07/22/2014,865.0,858.0,875.0,838.0,12151.0,77.94
07/23/2014,858.0,850.0,875.0,845.0,8916.0,73.84
07/24/2014,850.0,865.0,867.0,850.0,14962.0,76.35
07/27/2014,865.0,881.0,900.0,880.0,10172.0,78.7
07/28/2014,881.0,870.0,887.0,870.0,5964.0,73.31
07/30/2014,870.0,883.0,895.0,865.0,13794.0,75.45
07/31/2014,883.0,860.0,883.0,860.0,11274.0,65.46
08/03/2014,860.0,851.0,870.0,850.0,11684.0,62.0
08/04/2014,851.0,835.0,851.0,825.0,10907.0,56.3
08/05/2014,835.0,837.0,864.0,836.0,7406.0,56.83
08/06/2014,837.0,870.0,899.0,853.0,46306.0,64.53
08/07/2014,870.0,877.0,884.0,850.0,35034.0,65.92
08/12/2014,877.0,870.0,874.0,855.0,19156.0,63.25
08/13/2014,870.0,882.0,910.0,850.0,20410.0,65.81
08/14/2014,882.0,885.0,900.0,880.0,14962.0,66.44
08/18/2014,885.0,865.0,897.0,850.0,17895.0,58.69
08/19/2014,865.0,880.0,885.0,861.0,27089.0,62.25
08/20/2014,880.0,855.0,878.0,855.0,14378.0,53.92
08/21/2014,855.0,868.0,875.0,826.0,17433.0,57.13
08/24/2014,868.0,860.0,875.0,860.0,14499.0,54.61
08/25/2014,860.0,829.0,855.0,809.0,13723.0,46.11
08/26/2014,829.0,800.0,879.0,792.0,28905.0,39.87
08/27/2014,800.0,851.0,855.0,816.0,20208.0,52.15
08/28/2014,851.0,840.0,871.0,830.0,29856.0,49.79
08/31/2014,840.0,821.0,841.0,815.0,13244.0,45.92
09/01/2014,821.0,809.0,812.0,776.0,15506.0,43.61
09/03/2014,809.0,785.0,805.0,780.0,13879.0,39.36
09/04/2014,785.0,772.0,780.0,750.0,41689.0,37.24
09/07/2014,772.0,716.0,784.0,716.0,10261.0,29.8
09/09/2014,716.0,773.0,773.0,715.0,20128.0,42.41
09/10/2014,773.0,760.0,803.0,740.0,17080.0,40.62
09/11/2014,760.0,756.0,756.0,720.0,13716.0,40.06
09/14/2014,756.0,748.0,763.0,748.0,8550.0,38.9
09/15/2014,748.0,745.0,749.0,726.0,8659.0,38.45
09/16/2014,745.0,705.0,731.0,683.0,27267.0,32.99
09/17/2014,705.0,702.0,714.0,700.0,13721.0,32.61
09/21/2014,672.0,655.0,663.0,644.0,9690.0,30.5
09/22/2014,655.0,645.0,660.0,640.0,8850.0,29.3
09/23/2014,645.0,660.0,683.0,657.0,5754.0,33.53
09/24/2014,660.0,690.0,690.0,650.0,7946.0,41.12
09/28/2014,690.0,709.0,709.0,691.0,4642.0,45.38
09/29/2014,709.0,714.0,720.0,691.0,3933.0,46.47
09/30/2014,714.0,710.0,730.0,710.0,5805.0,45.68
10/09/2014,710.0,690.0,701.0,685.0,2879.0,41.85
10/12/2014,690.0,685.0,690.0,685.0,3318.0,40.93
10/13/2014,685.0,690.0,690.0,680.0,4762.0,42.3
10/14/2014,690.0,702.0,705.0,682.0,12523.0,45.57
10/15/2014,702.0,709.0,709.0,691.0,4826.0,47.43
10/16/2014,709.0,701.0,718.0,700.0,8685.0,45.51
10/19/2014,701.0,700.0,713.0,683.0,22812.0,45.27
10/20/2014,625.0,620.0,620.0,615.0,1245.0,43.98
10/21/2014,620.0,615.0,615.0,611.0,1516.0,42.67
10/22/2014,615.0,616.0,616.0,604.0,70.0,43.04
10/26/2014,616.0,610.0,615.0,605.0,518.0,41.34
10/27/2014,610.0,610.0,615.0,610.0,5311.0,41.34
10/28/2014,610.0,610.0,615.0,600.0,6383.0,41.34
10/30/2014,610.0,618.0,620.0,615.0,440.0,44.96
11/02/2014,618.0,615.0,618.0,610.0,831.0,43.86
11/03/2014,615.0,601.0,605.0,592.0,1918.0,39.09
11/04/2014,601.0,601.0,601.0,580.0,2615.0,39.09
11/05/2014,601.0,611.0,611.0,591.0,823.0,44.13
11/06/2014,611.0,593.0,611.0,589.0,1490.0,38.03
11/09/2014,593.0,595.0,595.0,593.0,552.0,39.04
11/10/2014,595.0,575.0,585.0,575.0,4457.0,33.23
11/11/2014,575.0,590.0,592.0,569.0,10759.0,40.39
11/12/2014,590.0,583.0,585.0,582.0,3383.0,38.33
11/13/2014,583.0,601.0,601.0,577.0,1249.0,45.99
11/16/2014,601.0,577.0,590.0,577.0,5156.0,39.03
11/17/2014,577.0,581.0,585.0,565.0,1901.0,40.64
11/18/2014,581.0,570.0,580.0,559.0,8124.0,37.69
11/19/2014,570.0,571.0,575.0,570.0,2060.0,38.13
11/20/2014,571.0,575.0,592.0,575.0,1359.0,39.95
11/23/2014,575.0,575.0,593.0,564.0,2721.0,39.95
11/24/2014,575.0,575.0,584.0,575.0,349.0,39.95
11/25/2014,575.0,580.0,580.0,580.0,210.0,42.6
11/30/2014,580.0,581.0,581.0,580.0,72.0,43.14
12/01/2014,581.0,561.0,572.0,558.0,1773.0,35.88
12/02/2014,561.0,568.0,568.0,552.0,1647.0,39.7
12/03/2014,568.0,575.0,578.0,565.0,2010.0,43.34
12/04/2014,575.0,570.0,591.0,570.0,2072.0,41.42
12/07/2014,570.0,572.0,572.0,569.0,2306.0,42.52
12/08/2014,572.0,572.0,583.0,565.0,1081.0,42.52
12/09/2014,572.0,567.0,570.0,562.0,4118.0,40.32
12/10/2014,567.0,570.0,578.0,570.0,1828.0,42.25
12/11/2014,570.0,593.0,593.0,570.0,9379.0,54.4
12/14/2014,593.0,638.0,649.0,600.0,11717.0,68.4
12/15/2014,638.0,655.0,676.0,623.0,13599.0,71.91
12/16/2014,655.0,649.0,665.0,630.0,8691.0,69.0
12/17/2014,649.0,645.0,645.0,626.0,1078.0,67.05
12/18/2014,645.0,645.0,645.0,631.0,4380.0,67.05
12/21/2014,645.0,626.0,634.0,619.0,636.0,58.02
12/22/2014,626.0,618.0,621.0,616.0,2177.0,54.68
12/23/2014,618.0,614.0,614.0,591.0,1880.0,53.03
12/24/2014,614.0,628.0,632.0,615.0,2628.0,57.81
12/28/2014,628.0,648.0,658.0,640.0,4574.0,63.53
12/29/2014,648.0,652.0,654.0,630.0,8149.0,64.56
12/31/2014,652.0,647.0,651.0,644.0,4598.0,62.19
01/01/2015,647.0,651.0,660.0,645.0,9356.0,63.35
01/04/2015,651.0,665.0,668.0,650.0,16800.0,67.15
01/05/2015,665.0,655.0,670.0,643.0,3161.0,62.19
01/06/2015,655.0,658.0,665.0,644.0,3423.0,63.07
01/07/2015,658.0,660.0,664.0,651.0,2907.0,63.68
01/08/2015,660.0,664.0,671.0,659.0,7609.0,64.92
01/11/2015,664.0,666.0,666.0,654.0,3138.0,65.56
01/12/2015,666.0,666.0,666.0,653.0,5136.0,65.56
01/13/2015,666.0,666.0,666.0,653.0,7800.0,65.56
01/14/2015,666.0,664.0,672.0,660.0,1869.0,64.11
01/18/2015,664.0,674.0,690.0,660.0,4503.0,67.92
01/19/2015,674.0,707.0,714.0,687.0,10712.0,76.72
01/20/2015,707.0,687.0,707.0,687.0,8463.0,65.07
01/22/2015,687.0,678.0,680.0,663.0,3663.0,60.61
01/25/2015,678.0,708.0,708.0,671.0,3504.0,68.39
01/26/2015,708.0,696.0,710.0,696.0,4997.0,63.03
01/27/2015,696.0,690.0,696.0,683.0,830.0,60.48
01/28/2015,690.0,707.0,707.0,690.0,6114.0,64.82
01/29/2015,707.0,703.0,715.0,697.0,8743.0,63.07
02/01/2015,703.0,719.0,725.0,712.0,6430.0,66.93
02/02/2015,719.0,713.0,725.0,713.0,3790.0,64.22
02/03/2015,713.0,709.0,709.0,699.0,1064.0,62.4
02/04/2015,709.0,720.0,720.0,700.0,4279.0,65.31
02/05/2015,720.0,700.0,710.0,696.0,4313.0,56.72
02/08/2015,700.0,706.0,714.0,700.0,5114.0,58.49
02/09/2015,706.0,702.0,706.0,695.0,5742.0,56.83
02/10/2015,702.0,700.0,700.0,690.0,1964.0,55.97
02/11/2015,700.0,700.0,701.0,686.0,1781.0,55.97
02/12/2015,700.0,699.0,705.0,695.0,3239.0,55.48
02/15/2015,699.0,701.0,701.0,696.0,12747.0,56.3
02/16/2015,701.0,700.0,701.0,694.0,7581.0,55.75
02/18/2015,700.0,699.0,699.0,690.0,2072.0,55.17
02/22/2015,699.0,686.0,689.0,685.0,3626.0,48.15
02/23/2015,686.0,683.0,686.0,677.0,10506.0,46.68
02/24/2015,683.0,685.0,685.0,679.0,4840.0,47.82
02/25/2015,685.0,678.0,684.0,678.0,2450.0,44.24
02/26/2015,678.0,680.0,680.0,675.0,952.0,45.5
03/01/2015,684.0,681.0,683.0,680.0,1025.0,43.9
03/02/2015,681.0,690.0,690.0,685.0,2936.0,49.62
03/03/2015,690.0,690.0,695.0,687.0,3863.0,49.62
03/04/2015,690.0,699.0,705.0,697.0,4149.0,54.95
03/09/2015,699.0,699.0,710.0,693.0,2178.0,54.95
03/10/2015,699.0,694.0,695.0,686.0,1470.0,51.44
03/11/2015,694.0,688.0,695.0,681.0,3190.0,47.52
03/12/2015,688.0,686.0,690.0,685.0,3057.0,46.26
03/15/2015,686.0,684.0,684.0,674.0,1801.0,44.97
03/16/2015,684.0,669.0,680.0,661.0,2414.0,36.71
03/17/2015,669.0,665.0,672.0,645.0,5807.0,34.87
03/18/2015,665.0,662.0,670.0,651.0,5522.0,33.51
03/19/2015,662.0,685.0,685.0,670.0,4831.0,49.68
03/22/2015,685.0,670.0,685.0,666.0,6176.0,42.43
03/23/2015,670.0,657.0,670.0,657.0,2482.0,37.35
03/24/2015,657.0,658.0,665.0,657.0,4352.0,37.96
03/25/2015,658.0,660.0,662.0,649.0,6360.0,39.25
03/26/2015,660.0,653.0,653.0,653.0,165.0,36.4
03/29/2015,653.0,650.0,652.0,648.0,4275.0,35.22
03/30/2015,650.0,650.0,660.0,647.0,3480.0,35.22
03/31/2015,650.0,665.0,665.0,653.0,1718.0,45.46
04/01/2015,665.0,655.0,674.0,652.0,2362.0,40.83
04/02/2015,655.0,662.0,662.0,655.0,3083.0,45.05
04/05/2015,662.0,656.0,656.0,651.0,2762.0,42.27
04/06/2015,656.0,650.0,657.0,649.0,4040.0,39.63
04/07/2015,650.0,653.0,661.0,650.0,2357.0,41.59
04/08/2015,653.0,671.0,675.0,651.0,1818.0,51.73
04/09/2015,671.0,678.0,680.0,670.0,1924.0,55.0
04/12/2015,678.0,685.0,700.0,682.0,7816.0,58.06
04/13/2015,685.0,687.0,690.0,682.0,3183.0,58.92
04/15/2015,687.0,680.0,681.0,677.0,6878.0,54.69
04/16/2015,680.0,683.0,689.0,677.0,7717.0,56.14
04/19/2015,683.0,695.0,695.0,681.0,6303.0,61.46
04/20/2015,695.0,698.0,708.0,691.0,7789.0,62.68
04/21/2015,698.0,700.0,710.0,698.0,5748.0,63.51
04/22/2015,700.0,695.0,695.0,692.0,906.0,59.93
04/23/2015,691.0,690.0,691.0,682.0,4222.0,59.21
05/26/2015,690.0,621.0,677.0,621.0,8817.0,31.3
05/27/2015,621.0,580.0,609.0,570.0,20143.0,24.05
05/28/2015,580.0,592.0,597.0,569.0,12283.0,29.22
05/31/2015,592.0,619.0,619.0,597.0,7287.0,39.24
06/01/2015,619.0,625.0,643.0,615.0,10725.0,41.23
06/02/2015,625.0,630.0,631.0,616.0,4987.0,42.91
06/03/2015,630.0,651.0,660.0,640.0,7226.0,49.44
06/04/2015,651.0,649.0,654.0,638.0,6670.0,48.87
06/07/2015,649.0,651.0,657.0,645.0,4951.0,49.5
06/08/2015,651.0,675.0,685.0,664.0,10190.0,56.45
06/09/2015,675.0,698.0,715.0,688.0,16430.0,61.86
06/10/2015,698.0,681.0,695.0,675.0,8353.0,56.29
06/11/2015,681.0,663.0,675.0,660.0,10636.0,51.05
06/14/2015,663.0,655.0,665.0,647.0,6061.0,48.87
06/15/2015,655.0,660.0,665.0,643.0,5954.0,50.3
06/16/2015,660.0,659.0,660.0,650.0,1713.0,50.0
06/17/2015,659.0,659.0,659.0,650.0,3023.0,50.0
06/18/2015,659.0,659.0,660.0,654.0,3175.0,50.0
06/21/2015,659.0,649.0,651.0,646.0,1566.0,46.52
06/22/2015,649.0,660.0,660.0,649.0,1297.0,50.59
06/23/2015,655.0,659.0,659.0,650.0,5342.0,50.22
06/24/2015,655.0,658.0,665.0,654.0,2484.0,49.82
06/25/2015,660.0,665.0,665.0,660.0,1502.0,52.64
06/28/2015,669.0,668.0,670.0,665.0,5103.0,53.83
06/29/2015,681.0,665.0,681.0,665.0,3244.0,52.41
06/30/2015,666.0,667.0,672.0,663.0,6330.0,53.3
07/01/2015,665.0,664.0,667.0,664.0,4476.0,51.74
07/02/2015,655.0,666.0,666.0,655.0,1677.0,52.73
07/05/2015,667.0,656.0,667.0,655.0,3212.0,47.47
07/06/2015,653.0,654.0,657.0,650.0,7065.0,46.47
07/07/2015,654.0,665.0,665.0,654.0,1427.0,52.4
07/08/2015,668.0,663.0,670.0,660.0,5195.0,51.29
07/09/2015,668.0,660.0,663.0,660.0,881.0,49.59
07/12/2015,650.0,668.0,668.0,650.0,3329.0,53.97
07/13/2015,660.0,667.0,667.0,660.0,3237.0,53.35
07/14/2015,654.0,667.0,672.0,654.0,6605.0,53.35
07/15/2015,675.0,670.0,676.0,668.0,3563.0,55.15
07/16/2015,670.0,678.0,680.0,671.0,3381.0,59.64
07/22/2015,676.0,689.0,699.0,676.0,4096.0,64.84
07/23/2015,689.0,757.0,757.0,699.0,30632.0,81.08
07/26/2015,757.0,802.0,802.0,772.0,244.0,85.77
07/27/2015,802.0,770.0,850.0,770.0,37875.0,72.09
07/28/2015,770.0,764.0,806.0,728.0,18439.0,69.85
07/29/2015,764.0,756.0,773.0,748.0,5363.0,66.85
07/30/2015,756.0,755.0,770.0,745.0,6054.0,66.47
08/02/2015,755.0,764.0,764.0,751.0,5122.0,68.23
08/03/2015,764.0,749.0,760.0,745.0,10800.0,62.34
08/04/2015,749.0,750.0,750.0,742.0,10766.0,62.57
08/05/2015,750.0,745.0,749.0,733.0,10001.0,60.56
08/06/2015,743.0,752.0,767.0,746.0,9199.0,62.87
08/09/2015,752.0,760.0,781.0,741.0,21249.0,64.85
08/10/2015,760.0,779.0,800.0,761.0,19525.0,69.05
08/11/2015,779.0,760.0,779.0,746.0,16785.0,61.17
08/12/2015,745.0,765.0,770.0,732.0,24529.0,62.39
08/13/2015,764.0,772.0,772.0,755.0,27403.0,64.08
08/16/2015,772.0,769.0,775.0,746.0,25911.0,62.78
08/17/2015,784.0,845.0,845.0,784.0,28127.0,76.08
08/18/2015,861.0,870.0,890.0,830.0,15853.0,78.77
08/19/2015,860.0,872.0,889.0,860.0,8967.0,78.98
08/20/2015,889.0,875.0,910.0,870.0,18299.0,79.3
08/23/2015,858.0,890.0,909.0,845.0,4598.0,80.87
08/24/2015,890.0,862.0,893.0,860.0,4173.0,70.16
08/25/2015,843.0,861.0,880.0,835.0,9751.0,70.31
08/26/2015,861.0,847.0,861.0,844.0,4086.0,65.32
08/27/2015,860.0,845.0,863.0,840.0,3621.0,64.62
08/31/2015,840.0,850.0,855.0,840.0,6161.0,65.62
09/01/2015,850.0,845.0,855.0,845.0,5836.0,63.68
09/02/2015,835.0,835.0,835.0,825.0,3707.0,59.87
09/03/2015,832.0,824.0,833.0,819.0,7759.0,55.91
09/06/2015,810.0,815.0,834.0,810.0,14661.0,52.83
09/07/2015,810.0,810.0,820.0,798.0,12685.0,51.15
09/08/2015,809.0,815.0,821.0,808.0,7039.0,52.77
09/09/2015,831.0,806.0,820.0,802.0,3959.0,49.57
09/10/2015,804.0,800.0,805.0,800.0,7253.0,47.51
09/13/2015,800.0,812.0,814.0,800.0,12897.0,51.83
09/14/2015,828.0,823.0,830.0,814.0,10736.0,55.45
09/15/2015,832.0,833.0,840.0,831.0,11919.0,58.5
09/16/2015,840.0,830.0,849.0,830.0,8652.0,57.23
09/17/2015,842.0,815.0,842.0,815.0,11199.0,51.26
09/22/2015,800.0,785.0,802.0,775.0,15103.0,41.85
09/23/2015,790.0,799.0,821.0,790.0,7422.0,46.76
09/24/2015,790.0,795.0,798.0,770.0,7162.0,45.58
09/28/2015,780.0,780.0,785.0,765.0,9661.0,41.35
09/29/2015,765.0,778.0,799.0,765.0,6271.0,40.8
09/30/2015,790.0,791.0,795.0,783.0,8766.0,45.79
10/01/2015,789.0,790.0,803.0,788.0,5469.0,45.47
10/04/2015,795.0,783.0,795.0,775.0,11306.0,43.21
10/05/2015,790.0,775.0,790.0,775.0,6022.0,40.72
10/06/2015,773.0,770.0,774.0,764.0,3369.0,39.2
10/07/2015,756.0,760.0,760.0,743.0,7098.0,36.29
10/08/2015,752.0,769.0,770.0,751.0,6983.0,40.57
10/11/2015,754.0,745.0,755.0,736.0,9431.0,34.0
10/14/2015,741.0,726.0,741.0,721.0,9025.0,29.87
10/15/2015,715.0,722.0,725.0,715.0,2487.0,29.08
10/18/2015,710.0,717.0,722.0,708.0,3225.0,28.06
10/19/2015,725.0,723.0,725.0,720.0,743.0,31.16
10/27/2015,709.0,680.0,709.0,680.0,8277.0,23.4
10/28/2015,670.0,680.0,683.0,654.0,4595.0,23.4
10/29/2015,685.0,680.0,700.0,680.0,1641.0,23.4
11/01/2015,680.0,676.0,680.0,662.0,5970.0,22.73
11/02/2015,680.0,685.0,693.0,680.0,2670.0,27.67
11/03/2015,685.0,680.0,685.0,661.0,3357.0,26.65
11/04/2015,663.0,675.0,677.0,663.0,1020.0,26.65
11/05/2015,668.0,671.0,675.0,666.0,10146.0,25.77
11/08/2015,671.0,670.0,671.0,670.0,323.0,25.55
11/09/2015,683.0,682.0,688.0,680.0,2199.0,33.15
11/10/2015,690.0,686.0,703.0,686.0,2256.0,35.52
11/15/2015,680.0,686.0,686.0,680.0,900.0,35.52
11/16/2015,676.0,675.0,676.0,671.0,2881.0,31.92
11/18/2015,676.0,678.0,680.0,662.0,5810.0,33.88
11/19/2015,675.0,674.0,678.0,673.0,2199.0,32.53
11/22/2015,662.0,657.0,662.0,655.0,2216.0,27.52
11/23/2015,655.0,661.0,661.0,645.0,4597.0,30.24
11/24/2015,674.0,662.0,674.0,662.0,1328.0,30.94
11/25/2015,660.0,653.0,660.0,653.0,2467.0,28.2
11/26/2015,645.0,640.0,652.0,635.0,9378.0,24.78
11/29/2015,628.0,605.0,628.0,590.0,7379.0,18.34
11/30/2015,615.0,610.0,627.0,594.0,5651.0,21.48
12/01/2015,610.0,646.0,646.0,616.0,6647.0,39.51
12/02/2015,647.0,632.0,647.0,624.0,3427.0,36.05
12/03/2015,639.0,637.0,663.0,631.0,3713.0,38.13
12/06/2015,649.0,668.0,670.0,645.0,5131.0,49.21
12/07/2015,680.0,670.0,680.0,665.0,4851.0,49.52
12/08/2015,683.0,691.0,691.0,680.0,6670.0,55.71
12/09/2015,700.0,701.0,716.0,699.0,12896.0,58.33
12/10/2015,698.0,699.0,700.0,695.0,6371.0,57.6
12/13/2015,708.0,701.0,710.0,698.0,9143.0,58.16
12/14/2015,702.0,698.0,705.0,687.0,9284.0,56.93
12/15/2015,698.0,696.0,707.0,693.0,39648.0,56.08
12/16/2015,580.0,571.0,591.0,571.0,3666.0,52.29
12/17/2015,582.0,565.0,582.0,560.0,4196.0,49.87
12/20/2015,565.0,565.0,565.0,554.0,5184.0,49.87
12/21/2015,565.0,601.0,605.0,576.0,9602.0,62.08
12/22/2015,613.0,615.0,620.0,600.0,7277.0,65.59
12/23/2015,615.0,617.0,619.0,610.0,3950.0,66.07
12/24/2015,625.0,617.0,627.0,615.0,2177.0,66.07
12/27/2015,619.0,610.0,619.0,600.0,1478.0,62.51
12/28/2015,610.0,600.0,610.0,597.0,6188.0,57.72
12/29/2015,600.0,601.0,605.0,598.0,3984.0,58.07
12/31/2015,606.0,620.0,627.0,604.0,6817.0,64.08
01/03/2016,613.0,610.0,615.0,605.0,2818.0,59.26
01/04/2016,610.0,597.0,605.0,591.0,4844.0,53.62
01/05/2016,593.0,594.0,597.0,590.0,7422.0,52.38
01/06/2016,596.0,595.0,599.0,590.0,17443.0,52.77
07/11/2016,595.0,654.0,654.0,606.0,1050.0,68.99
07/12/2016,654.0,719.0,719.0,667.0,130.0,77.96
07/13/2016,719.0,790.0,790.0,733.0,5370.0,83.56
07/14/2016,805.0,869.0,869.0,805.0,176.0,87.4
07/17/2016,869.0,955.0,955.0,886.0,2660.0,90.1
07/18/2016,955.0,1050.0,1050.0,974.0,3556.0,92.12
07/19/2016,1071.0,1155.0,1155.0,1071.0,28079.0,93.66
07/20/2016,1178.0,1215.0,1270.0,1178.0,319469.0,94.34
07/21/2016,1215.0,1230.0,1245.0,1200.0,106523.0,94.49
07/25/2016,1230.0,1330.0,1332.0,1240.0,151839.0,95.42
07/26/2016,1330.0,1415.0,1435.0,1350.0,181715.0,96.03
07/27/2016,1415.0,1384.0,1416.0,1370.0,70544.0,91.26
07/28/2016,1384.0,1380.0,1404.0,1345.0,83810.0,90.63
07/31/2016,1380.0,1368.0,1393.0,1363.0,47932.0,88.67
08/01/2016,1368.0,1352.0,1372.0,1335.0,53125.0,86.0
08/02/2016,1352.0,1349.0,1362.0,1336.0,79768.0,85.48
08/03/2016,1349.0,1335.0,1364.0,1316.0,54074.0,82.95
08/04/2016,1335.0,1290.0,1321.0,1280.0,91888.0,75.26
08/07/2016,1290.0,1290.0,1330.0,1281.0,81453.0,75.26
08/08/2016,1290.0,1191.0,1285.0,1191.0,42709.0,60.87
08/09/2016,1191.0,1295.0,1310.0,1214.0,27548.0,67.83
08/10/2016,1315.0,1293.0,1330.0,1250.0,85016.0,67.58
08/11/2016,1300.0,1290.0,1310.0,1280.0,33062.0,66.92
08/14/2016,1290.0,1275.0,1290.0,1250.0,34538.0,64.87
08/15/2016,1265.0,1246.0,1268.0,1216.0,29364.0,60.98
08/16/2016,1241.0,1263.0,1294.0,1220.0,21995.0,62.4
08/17/2016,1265.0,1268.0,1279.0,1252.0,24721.0,62.74
08/21/2016,1268.0,1270.0,1281.0,1255.0,15449.0,62.93
08/22/2016,1265.0,1249.0,1265.0,1235.0,14319.0,59.62
08/23/2016,1230.0,1230.0,1254.0,1215.0,36789.0,56.71
08/24/2016,1250.0,1250.0,1279.0,1236.0,17277.0,58.55
08/28/2016,1262.0,1277.0,1287.0,1240.0,22566.0,61.51
08/29/2016,1280.0,1331.0,1331.0,1270.0,67226.0,66.64
08/30/2016,1330.0,1335.0,1339.0,1310.0,36348.0,66.99
08/31/2016,1320.0,1348.0,1350.0,1320.0,28047.0,68.16
09/01/2016,1355.0,1345.0,1361.0,1340.0,30275.0,67.57
09/04/2016,1350.0,1399.0,1404.0,1350.0,87766.0,72.27
09/05/2016,1401.0,1416.0,1448.0,1400.0,71484.0,73.57
09/06/2016,1440.0,1400.0,1440.0,1375.0,62603.0,70.23
09/07/2016,1373.0,1388.0,1424.0,1370.0,23618.0,67.75
09/08/2016,1392.0,1388.0,1399.0,1370.0,20887.0,67.75
09/11/2016,1380.0,1378.0,1393.0,1376.0,16181.0,65.51
09/12/2016,1371.0,1370.0,1380.0,1367.0,19221.0,63.7
09/14/2016,1380.0,1379.0,1385.0,1368.0,30941.0,64.88
09/18/2016,1376.0,1361.0,1378.0,1352.0,22237.0,60.64
09/20/2016,1352.0,1331.0,1366.0,1331.0,36033.0,54.28
09/21/2016,1339.0,1330.0,1343.0,1314.0,32273.0,54.08
09/22/2016,1340.0,1320.0,1340.0,1320.0,20008.0,51.98
09/26/2016,1275.0,1294.0,1314.0,1275.0,41396.0,56.02
09/27/2016,1319.0,1293.0,1319.0,1285.0,40097.0,55.8
09/28/2016,1295.0,1290.0,1296.0,1282.0,28066.0,55.06
09/29/2016,1305.0,1297.0,1305.0,1282.0,24084.0,56.5
10/02/2016,1297.0,1293.0,1309.0,1281.0,65368.0,55.41
10/03/2016,1054.0,1092.0,1105.0,1060.0,18849.0,62.74
10/04/2016,1100.0,1093.0,1103.0,1092.0,15616.0,62.91
10/05/2016,1093.0,1090.0,1100.0,1087.0,7093.0,61.98
10/06/2016,1096.0,1109.0,1115.0,1096.0,19805.0,65.46
10/16/2016,1100.0,1100.0,1110.0,1095.0,3481.0,62.54
10/17/2016,1090.0,1082.0,1091.0,1080.0,7993.0,57.06
10/18/2016,1081.0,1080.0,1085.0,1078.0,8731.0,56.47
10/19/2016,1080.0,1080.0,1083.0,1070.0,20000.0,56.47
10/20/2016,1080.0,1080.0,1088.0,1078.0,6614.0,56.47
10/23/2016,1075.0,1065.0,1077.0,1056.0,13449.0,51.47
10/24/2016,1055.0,1049.0,1060.0,1045.0,8735.0,46.72
10/25/2016,1040.0,1041.0,1047.0,1040.0,3994.0,44.5
10/26/2016,1045.0,1035.0,1045.0,1020.0,11616.0,42.86
10/27/2016,1050.0,1047.0,1050.0,1040.0,5771.0,47.06
11/03/2016,1042.0,1060.0,1060.0,1036.0,3373.0,51.25
11/07/2016,1070.0,1060.0,1075.0,1056.0,12232.0,51.25
11/08/2016,1060.0,1040.0,1060.0,1032.0,12075.0,44.92
11/09/2016,1036.0,1020.0,1050.0,1000.0,15424.0,39.64
11/10/2016,1032.0,1028.0,1039.0,1010.0,16015.0,42.55
11/13/2016,1035.0,1037.0,1058.0,1034.0,14342.0,45.71
11/14/2016,1040.0,1075.0,1078.0,1040.0,38647.0,56.59
11/15/2016,1085.0,1066.0,1090.0,1065.0,28207.0,53.84
11/16/2016,1070.0,1065.0,1075.0,1050.0,16199.0,53.53
11/17/2016,1076.0,1061.0,1084.0,1050.0,65622.0,52.23
11/20/2016,1040.0,1020.0,1055.0,981.0,53942.0,41.18
11/21/2016,1001.0,1029.0,1034.0,982.0,34563.0,43.98
11/22/2016,1009.0,1011.0,1025.0,989.0,25417.0,39.89
11/23/2016,1010.0,975.0,1010.0,970.0,32507.0,33.23
11/24/2016,994.0,970.0,1015.0,950.0,34987.0,32.42
11/27/2016,989.0,903.0,989.0,900.0,42436.0,23.98
11/28/2016,895.0,955.0,956.0,850.0,46016.0,37.56
11/29/2016,965.0,988.0,995.0,890.0,45583.0,44.35
11/30/2016,988.0,1020.0,1023.0,970.0,53892.0,50.03
12/01/2016,1030.0,1026.0,1039.0,985.0,63451.0,51.04
12/04/2016,1016.0,1020.0,1049.0,995.0,53773.0,49.95
12/05/2016,1040.0,1030.0,1102.0,1025.0,113276.0,51.79
12/06/2016,1030.0,1038.0,1040.0,1025.0,84841.0,53.27
12/07/2016,1035.0,1036.0,1043.0,1032.0,34989.0,52.84
12/08/2016,1055.0,1035.0,1055.0,1031.0,27376.0,52.6
12/11/2016,1036.0,1020.0,1036.0,1020.0,24715.0,49.12
12/12/2016,1020.0,997.0,1020.0,990.0,36770.0,44.27
12/14/2016,1009.0,1000.0,1015.0,993.0,20940.0,45.03
12/15/2016,1000.0,1015.0,1025.0,1000.0,19809.0,48.8
12/18/2016,1000.0,1010.0,1018.0,990.0,26364.0,47.63
12/19/2016,1012.0,1013.0,1015.0,1005.0,20494.0,48.43
12/20/2016,1010.0,1000.0,1010.0,995.0,22355.0,45.2
12/21/2016,982.0,988.0,999.0,972.0,14768.0,42.4
12/22/2016,990.0,990.0,995.0,989.0,8498.0,43.03
12/26/2016,990.0,960.0,990.0,958.0,20309.0,36.53
12/27/2016,959.0,928.0,959.0,915.0,35830.0,31.12
12/28/2016,930.0,940.0,942.0,926.0,21141.0,35.01
12/29/2016,950.0,955.0,970.0,940.0,17861.0,39.59
01/01/2017,960.0,980.0,992.0,956.0,14576.0,46.38
01/02/2017,999.0,997.0,1010.0,984.0,21522.0,50.46
01/03/2017,991.0,980.0,1004.0,970.0,11557.0,46.64
01/04/2017,970.0,969.0,985.0,960.0,10410.0,44.3
01/05/2017,969.0,978.0,1003.0,969.0,10095.0,46.66
01/08/2017,965.0,980.0,980.0,965.0,5037.0,47.19
01/09/2017,985.0,979.0,985.0,976.0,7958.0,46.94
01/10/2017,975.0,990.0,991.0,975.0,9058.0,50.11
01/11/2017,1000.0,981.0,1000.0,975.0,8662.0,47.6
01/12/2017,1000.0,996.0,1010.0,990.0,18072.0,51.92
01/15/2017,1000.0,1003.0,1015.0,997.0,23988.0,53.83
01/16/2017,1004.0,1002.0,1004.0,996.0,11359.0,53.5
01/17/2017,1001.0,994.0,1001.0,994.0,18101.0,50.84
01/18/2017,999.0,991.0,999.0,991.0,18294.0,49.84
01/19/2017,991.0,987.0,995.0,986.0,12940.0,48.47
01/22/2017,992.0,985.0,996.0,984.0,14593.0,48.11
01/23/2017,990.0,981.0,990.0,980.0,10692.0,46.63
01/24/2017,982.0,981.0,985.0,972.0,13707.0,46.64
01/25/2017,980.0,960.0,980.0,960.0,11854.0,39.29
01/26/2017,960.0,950.0,960.0,912.0,32094.0,36.35
01/30/2017,950.0,896.0,965.0,885.0,30530.0,25.34
01/31/2017,885.0,900.0,936.0,868.0,25820.0,27.1
02/01/2017,918.0,923.0,930.0,900.0,90023.0,36.39
02/02/2017,664.0,655.0,690.0,650.0,18776.0,34.54
02/05/2017,660.0,630.0,660.0,630.0,6038.0,29.97
02/06/2017,630.0,620.0,632.0,619.0,5743.0,28.35
02/19/2017,584.0,596.0,600.0,572.0,24574.0,33.74
02/20/2017,607.0,589.0,619.0,589.0,26104.0,32.43
02/21/2017,601.0,588.0,614.0,575.0,15873.0,32.05
02/22/2017,577.0,570.0,584.0,565.0,7355.0,28.75
02/23/2017,570.0,570.0,580.0,568.0,6406.0,28.75
02/26/2017,570.0,557.0,571.0,557.0,4243.0,26.47
02/28/2017,550.0,540.0,554.0,536.0,17841.0,23.81
03/01/2017,550.0,550.0,555.0,534.0,8337.0,28.37
03/02/2017,550.0,559.0,560.0,545.0,8861.0,32.3
03/07/2017,580.0,570.0,580.0,566.0,12075.0,29.76
03/09/2017,571.0,575.0,578.0,570.0,6100.0,31.97
03/13/2017,578.0,570.0,581.0,570.0,4397.0,31.12
03/14/2017,580.0,569.0,580.0,569.0,4399.0,30.91
03/15/2017,561.0,570.0,570.0,560.0,9597.0,31.43
03/16/2017,562.0,575.0,575.0,562.0,4063.0,34.11
03/19/2017,575.0,583.0,586.0,575.0,13887.0,38.27
03/20/2017,590.0,592.0,595.0,585.0,20400.0,42.65
03/21/2017,603.0,612.0,615.0,590.0,32082.0,50.98
03/22/2017,625.0,626.0,645.0,624.0,35411.0,54.87
03/23/2017,630.0,629.0,637.0,618.0,17418.0,55.89
03/26/2017,634.0,644.0,658.0,634.0,33484.0,60.71
03/28/2017,644.0,700.0,700.0,656.0,30392.0,72.69
03/29/2017,700.0,685.0,734.0,685.0,36734.0,66.81
03/30/2017,685.0,680.0,698.0,666.0,19289.0,64.93
04/02/2017,693.0,738.0,738.0,693.0,28929.0,74.06
04/03/2017,740.0,725.0,775.0,720.0,35063.0,69.68
04/04/2017,720.0,725.0,745.0,705.0,22502.0,69.68
04/06/2017,725.0,724.0,739.0,716.0,13446.0,69.32
04/09/2017,730.0,724.0,731.0,720.0,9219.0,69.32
04/10/2017,716.0,740.0,740.0,716.0,26461.0,72.04
04/11/2017,744.0,775.0,775.0,744.0,39033.0,76.88
04/12/2017,790.0,761.0,804.0,760.0,38569.0,71.55
04/13/2017,761.0,774.0,785.0,730.0,30228.0,73.52
04/16/2017,775.0,748.0,780.0,740.0,17117.0,64.25
04/18/2017,740.0,734.0,750.0,721.0,23569.0,60.02
04/19/2017,734.0,750.0,760.0,730.0,25510.0,63.02
04/20/2017,765.0,750.0,780.0,740.0,27728.0,63.02
04/23/2017,750.0,750.0,800.0,747.0,73017.0,63.02
04/24/2017,750.0,740.0,754.0,738.0,50701.0,59.54
04/25/2017,740.0,729.0,740.0,725.0,40591.0,55.88
04/26/2017,724.0,722.0,729.0,710.0,10351.0,53.62
04/27/2017,730.0,715.0,730.0,703.0,27399.0,51.39
04/30/2017,715.0,701.0,715.0,700.0,21055.0,47.15
05/02/2017,700.0,700.0,712.0,696.0,39613.0,46.86
05/03/2017,714.0,710.0,727.0,702.0,14389.0,50.23
05/04/2017,710.0,700.0,710.0,698.0,16217.0,47.01
05/07/2017,700.0,685.0,710.0,680.0,21920.0,42.61
05/08/2017,675.0,670.0,690.0,670.0,29270.0,38.7
05/09/2017,670.0,675.0,687.0,673.0,18764.0,40.66
05/11/2017,675.0,685.0,685.0,674.0,21534.0,44.47
05/15/2017,686.0,678.0,699.0,678.0,12987.0,42.41
05/16/2017,680.0,675.0,680.0,672.0,8964.0,41.53
05/17/2017,685.0,680.0,685.0,661.0,51225.0,43.64
05/18/2017,680.0,674.0,681.0,670.0,12899.0,41.69
05/21/2017,681.0,668.0,681.0,660.0,27725.0,39.78
05/22/2017,668.0,673.0,679.0,667.0,24613.0,42.16
05/23/2017,680.0,689.0,695.0,680.0,62220.0,49.09
05/24/2017,689.0,686.0,698.0,678.0,70866.0,47.93
05/28/2017,690.0,670.0,690.0,666.0,164524.0,42.21
05/30/2017,538.0,516.0,558.0,515.0,25629.0,35.86
05/31/2017,516.0,516.0,526.0,507.0,32325.0,35.86
06/01/2017,525.0,519.0,525.0,517.0,24418.0,37.35
06/04/2017,521.0,517.0,524.0,516.0,26009.0,36.74
06/05/2017,519.0,517.0,521.0,517.0,30909.0,36.74
06/06/2017,525.0,530.0,535.0,517.0,44665.0,43.7
06/07/2017,540.0,520.0,540.0,517.0,29804.0,40.05
06/08/2017,510.0,523.0,524.0,510.0,23980.0,41.62
06/11/2017,517.0,509.0,520.0,503.0,23320.0,36.77
06/12/2017,503.0,506.0,515.0,503.0,16780.0,35.8
06/13/2017,506.0,507.0,517.0,500.0,24071.0,36.4
06/14/2017,505.0,510.0,510.0,503.0,15226.0,39.44
06/15/2017,511.0,505.0,512.0,504.0,27321.0,37.51
06/18/2017,505.0,500.0,505.0,499.0,13062.0,35.63
06/19/2017,497.0,494.0,501.0,494.0,11327.0,33.47
06/20/2017,494.0,487.0,495.0,478.0,22232.0,31.1
06/21/2017,487.0,491.0,493.0,485.0,10537.0,35.33
06/22/2017,499.0,485.0,499.0,485.0,54714.0,33.14
06/25/2017,494.0,485.0,494.0,485.0,16132.0,33.14
06/27/2017,486.0,482.0,488.0,479.0,19414.0,31.98
06/28/2017,483.0,474.0,483.0,474.0,16066.0,29.08
07/02/2017,474.0,465.0,475.0,464.0,29751.0,25.91
07/03/2017,465.0,465.0,470.0,461.0,13629.0,25.91
07/04/2017,465.0,458.0,472.0,454.0,25096.0,23.82
07/05/2017,458.0,462.0,466.0,457.0,22870.0,28.29
07/06/2017,468.0,470.0,475.0,465.0,23229.0,34.89
07/09/2017,470.0,480.0,488.0,470.0,32286.0,42.06
07/10/2017,481.0,486.0,488.0,479.0,17978.0,45.91
07/11/2017,486.0,490.0,490.0,480.0,11142.0,48.37
07/12/2017,490.0,485.0,492.0,480.0,7093.0,45.58
07/13/2017,480.0,485.0,486.0,478.0,14477.0,45.58
07/16/2017,486.0,488.0,490.0,484.0,5970.0,47.69
07/17/2017,486.0,489.0,489.0,484.0,19749.0,48.4
07/18/2017,495.0,496.0,500.0,488.0,14492.0,53.22
07/19/2017,497.0,486.0,497.0,485.0,14036.0,47.12
07/20/2017,480.0,487.0,490.0,477.0,11576.0,47.84
07/23/2017,488.0,486.0,490.0,480.0,14190.0,46.48
07/24/2017,485.0,479.0,485.0,476.0,6748.0,42.59
07/25/2017,485.0,476.0,485.0,476.0,6500.0,41.34
07/26/2017,476.0,475.0,479.0,470.0,7143.0,40.71
07/27/2017,478.0,467.0,478.0,463.0,18841.0,35.91
07/30/2017,459.0,465.0,469.0,459.0,13878.0,35.35
07/31/2017,463.0,470.0,471.0,463.0,14100.0,40.36
08/01/2017,465.0,472.0,474.0,465.0,12409.0,42.29
08/02/2017,472.0,470.0,472.0,463.0,8676.0,40.87
08/03/2017,470.0,467.0,470.0,465.0,5145.0,38.76
08/06/2017,470.0,470.0,475.0,467.0,13306.0,41.98
08/07/2017,470.0,470.0,472.0,462.0,13641.0,41.98
08/09/2017,474.0,464.0,474.0,463.0,6799.0,37.42
08/10/2017,464.0,456.0,464.0,456.0,19058.0,32.37
08/13/2017,458.0,448.0,460.0,445.0,16580.0,28.26
08/15/2017,448.0,446.0,455.0,437.0,12450.0,27.33
08/16/2017,441.0,450.0,458.0,441.0,11567.0,32.16
08/17/2017,450.0,447.0,450.0,445.0,10351.0,30.52
08/20/2017,446.0,448.0,448.0,439.0,8589.0,31.77
08/21/2017,442.0,440.0,442.0,437.0,7989.0,27.52
08/22/2017,445.0,444.0,450.0,439.0,7359.0,33.51
08/23/2017,444.0,444.0,445.0,430.0,8320.0,33.51
08/24/2017,444.0,441.0,444.0,436.0,13626.0,31.68
08/27/2017,441.0,435.0,446.0,434.0,9928.0,28.36
08/28/2017,435.0,431.0,435.0,428.0,9083.0,26.37
08/30/2017,431.0,427.0,438.0,426.0,9073.0,24.52
08/31/2017,427.0,426.0,430.0,420.0,13707.0,24.07
09/04/2017,428.0,422.0,431.0,412.0,14621.0,22.29
09/06/2017,422.0,420.0,424.0,420.0,15596.0,21.44
09/07/2017,415.0,422.0,430.0,415.0,51528.0,24.55
09/10/2017,420.0,418.0,421.0,412.0,12295.0,22.62
09/11/2017,426.0,420.0,426.0,416.0,21597.0,25.76
09/12/2017,420.0,410.0,421.0,410.0,14925.0,21.14
09/13/2017,410.0,413.0,420.0,410.0,8078.0,25.46
09/14/2017,411.0,419.0,420.0,410.0,7726.0,33.32
09/17/2017,421.0,426.0,430.0,417.0,20394.0,41.13
09/18/2017,425.0,425.0,434.0,420.0,11494.0,41.13
09/20/2017,425.0,429.0,429.0,423.0,12448.0,45.37
09/24/2017,426.0,423.0,426.0,416.0,5883.0,40.64
09/25/2017,417.0,427.0,427.0,417.0,6132.0,44.77
09/26/2017,427.0,428.0,432.0,426.0,2765.0,45.79
10/03/2017,430.0,425.0,430.0,425.0,2073.0,43.22
10/04/2017,422.0,414.0,425.0,414.0,5712.0,35.38
10/08/2017,413.0,414.0,414.0,400.0,19792.0,35.38
10/09/2017,420.0,403.0,417.0,400.0,15232.0,29.23
10/10/2017,398.0,406.0,406.0,398.0,8025.0,32.67
10/11/2017,400.0,405.0,410.0,400.0,10837.0,32.11
10/12/2017,407.0,400.0,407.0,399.0,14187.0,29.4
10/15/2017,400.0,402.0,404.0,400.0,9365.0,31.88
10/16/2017,405.0,416.0,417.0,405.0,9834.0,46.14
10/17/2017,424.0,417.0,428.0,412.0,14306.0,46.99
10/18/2017,415.0,418.0,421.0,410.0,8249.0,47.88
10/22/2017,426.0,428.0,434.0,422.0,3687.0,55.85
10/23/2017,425.0,423.0,429.0,409.0,6979.0,54.07
10/24/2017,423.0,417.0,423.0,415.0,11801.0,49.02
10/25/2017,415.0,414.0,416.0,409.0,14218.0,46.67
10/29/2017,413.0,410.0,413.0,409.0,9132.0,43.67
10/30/2017,407.0,412.0,415.0,406.0,16337.0,45.55
10/31/2017,409.0,409.0,410.0,407.0,4300.0,43.21
11/01/2017,409.0,407.0,409.0,405.0,10014.0,41.68
11/02/2017,405.0,406.0,407.0,400.0,10837.0,40.89
11/05/2017,398.0,388.0,398.0,383.0,39495.0,29.98
11/06/2017,388.0,390.0,396.0,386.0,20672.0,32.15
11/07/2017,390.0,387.0,391.0,387.0,5075.0,30.62
11/08/2017,385.0,380.0,385.0,375.0,12546.0,27.35
11/09/2017,376.0,382.0,382.0,373.0,11244.0,29.66
11/12/2017,382.0,390.0,390.0,380.0,9894.0,38.14
11/13/2017,390.0,391.0,393.0,384.0,16214.0,39.13
11/14/2017,391.0,391.0,396.0,389.0,19773.0,39.13
11/15/2017,390.0,390.0,392.0,384.0,14647.0,39.13
11/16/2017,390.0,383.0,392.0,383.0,7414.0,34.33
11/19/2017,383.0,380.0,383.0,372.0,6445.0,32.5
11/20/2017,378.0,377.0,380.0,375.0,4562.0,30.72
11/21/2017,377.0,377.0,381.0,373.0,10016.0,30.72
11/22/2017,377.0,385.0,385.0,377.0,11704.0,40.72
11/23/2017,385.0,389.0,389.0,385.0,10781.0,44.99
11/26/2017,389.0,391.0,400.0,383.0,5367.0,47.05
11/27/2017,390.0,398.0,398.0,385.0,13942.0,53.58
11/28/2017,400.0,394.0,400.0,392.0,12322.0,49.8
11/29/2017,395.0,395.0,398.0,393.0,21319.0,50.73
11/30/2017,395.0,397.0,397.0,392.0,9859.0,52.64
12/04/2017,403.0,396.0,403.0,391.0,7305.0,51.57
12/05/2017,400.0,393.0,400.0,392.0,5995.0,48.38
12/06/2017,400.0,395.0,400.0,393.0,5851.0,50.57
12/10/2017,395.0,391.0,402.0,390.0,12493.0,46.34
12/11/2017,395.0,392.0,395.0,386.0,8437.0,47.52
12/12/2017,390.0,387.0,391.0,385.0,10079.0,42.48
12/13/2017,382.0,386.0,386.0,382.0,9641.0,41.52
12/14/2017,386.0,386.0,386.0,382.0,4309.0,41.52
12/17/2017,391.0,384.0,391.0,382.0,4008.0,41.52
12/18/2017,385.0,380.0,385.0,380.0,16451.0,37.36
12/19/2017,382.0,380.0,385.0,376.0,10954.0,37.36
12/20/2017,377.0,380.0,381.0,376.0,7695.0,37.36
12/21/2017,380.0,373.0,380.0,373.0,9423.0,30.63
12/24/2017,375.0,370.0,376.0,370.0,15150.0,28.27
12/26/2017,370.0,370.0,370.0,361.0,3994.0,28.27
12/27/2017,365.0,363.0,372.0,363.0,10284.0,23.41
12/28/2017,356.0,358.0,367.0,350.0,9609.0,20.68
12/31/2017,355.0,355.0,358.0,348.0,12473.0,19.22
01/01/2018,357.0,359.0,362.0,350.0,20407.0,26.62
01/02/2018,359.0,360.0,364.0,355.0,10596.0,31.68
01/03/2018,360.0,354.0,360.0,349.0,7696.0,27.58
01/04/2018,358.0,355.0,358.0,353.0,9808.0,30.79
01/07/2018,362.0,367.0,369.0,362.0,19899.0,46.2
01/08/2018,373.0,374.0,380.0,367.0,10708.0,53.61
01/09/2018,375.0,382.0,382.0,375.0,12882.0,58.94
01/10/2018,382.0,378.0,385.0,376.0,18267.0,55.05
01/14/2018,378.0,375.0,378.0,373.0,8055.0,52.26
01/16/2018,374.0,370.0,374.0,365.0,7734.0,47.91
01/17/2018,365.0,370.0,372.0,363.0,4922.0,47.91
01/21/2018,372.0,366.0,375.0,363.0,12469.0,44.47
01/22/2018,368.0,366.0,368.0,360.0,11867.0,44.47
01/23/2018,364.0,360.0,366.0,360.0,12947.0,39.53
01/24/2018,360.0,369.0,372.0,360.0,8889.0,48.72
01/25/2018,375.0,372.0,375.0,367.0,9475.0,50.52
01/28/2018,372.0,378.0,380.0,372.0,20079.0,55.56
01/29/2018,378.0,379.0,380.0,375.0,11816.0,56.36
01/31/2018,380.0,378.0,380.0,372.0,11371.0,55.29
02/01/2018,378.0,370.0,378.0,370.0,34331.0,47.53
02/04/2018,373.0,368.0,375.0,366.0,46506.0,45.79
02/06/2018,345.0,343.0,345.0,337.0,8301.0,44.06
02/07/2018,340.0,342.0,343.0,337.0,5382.0,43.19
02/08/2018,345.0,345.0,345.0,339.0,7690.0,45.52
02/11/2018,346.0,343.0,346.0,343.0,3089.0,43.59
02/12/2018,343.0,346.0,346.0,343.0,10237.0,47.21
02/14/2018,345.0,349.0,349.0,345.0,7882.0,50.62
02/15/2018,355.0,364.0,368.0,350.0,27565.0,63.37
02/18/2018,364.0,365.0,375.0,362.0,48946.0,64.03
02/20/2018,366.0,356.0,370.0,356.0,5597.0,54.43
02/21/2018,353.0,358.0,359.0,353.0,13282.0,56.01
02/22/2018,358.0,364.0,365.0,357.0,6841.0,60.44
02/25/2018,364.0,360.0,365.0,356.0,22911.0,56.37
02/26/2018,363.0,354.0,363.0,354.0,6389.0,51.68
02/27/2018,350.0,356.0,360.0,350.0,13168.0,53.35
02/28/2018,356.0,352.0,357.0,349.0,29172.0,49.65
03/04/2018,312.0,300.0,306.0,298.0,16221.0,40.56
03/05/2018,301.0,296.0,301.0,290.0,10336.0,38.07
03/06/2018,298.0,301.0,302.0,291.0,16400.0,42.81
03/07/2018,300.0,305.0,306.0,300.0,24951.0,49.48
03/11/2018,304.0,301.0,304.0,296.0,6238.0,47.25
03/12/2018,301.0,297.0,301.0,292.0,37668.0,44.39
03/13/2018,300.0,305.0,306.0,299.0,6179.0,50.81
03/14/2018,301.0,300.0,301.0,295.0,7860.0,46.48
03/15/2018,302.0,301.0,304.0,300.0,5164.0,47.28
03/18/2018,302.0,300.0,302.0,298.0,7286.0,47.29
03/19/2018,300.0,300.0,302.0,299.0,11514.0,47.29
03/20/2018,300.0,297.0,300.0,297.0,14477.0,44.75
03/21/2018,298.0,292.0,298.0,292.0,21987.0,40.83
03/22/2018,288.0,290.0,304.0,288.0,42532.0,39.35
03/26/2018,285.0,283.0,295.0,276.0,18641.0,34.6
03/27/2018,279.0,294.0,300.0,276.0,46045.0,47.31
03/28/2018,297.0,297.0,301.0,290.0,31023.0,49.74
03/29/2018,301.0,305.0,308.0,297.0,25814.0,55.61
04/01/2018,305.0,300.0,305.0,294.0,16818.0,51.56
04/02/2018,299.0,299.0,300.0,296.0,9368.0,50.76
04/03/2018,299.0,300.0,302.0,299.0,9549.0,51.56
04/04/2018,303.0,309.0,312.0,300.0,12109.0,58.2
04/05/2018,310.0,310.0,315.0,307.0,28068.0,59.53
04/08/2018,310.0,315.0,320.0,308.0,35173.0,62.71
04/09/2018,316.0,310.0,319.0,310.0,25463.0,57.81
04/10/2018,307.0,306.0,315.0,304.0,10683.0,54.16
04/11/2018,309.0,307.0,310.0,307.0,6441.0,54.93
04/12/2018,313.0,305.0,313.0,305.0,11317.0,53.02
04/15/2018,305.0,306.0,310.0,301.0,2343.0,53.88
04/16/2018,307.0,308.0,313.0,307.0,12075.0,55.64
04/17/2018,308.0,317.0,317.0,309.0,21597.0,62.54
04/18/2018,323.0,328.0,348.0,318.0,36641.0,68.91
04/19/2018,334.0,340.0,345.0,332.0,47180.0,74.08
04/22/2018,340.0,365.0,370.0,345.0,72656.0,81.13
04/23/2018,372.0,357.0,372.0,352.0,58801.0,74.18
04/24/2018,363.0,356.0,363.0,352.0,31009.0,74.18
04/25/2018,356.0,353.0,358.0,350.0,16716.0,71.52
04/26/2018,354.0,356.0,360.0,347.0,17482.0,72.58
04/29/2018,350.0,348.0,353.0,342.0,14522.0,65.56
05/02/2018,346.0,343.0,350.0,340.0,9692.0,63.1
05/03/2018,349.0,345.0,349.0,345.0,12898.0,64.07
05/06/2018,343.0,345.0,346.0,340.0,7785.0,64.07
05/07/2018,345.0,345.0,345.0,341.0,8301.0,64.07
05/08/2018,342.0,344.0,345.0,341.0,4721.0,63.04
05/09/2018,344.0,340.0,345.0,339.0,8027.0,58.94
05/10/2018,340.0,340.0,342.0,336.0,12164.0,58.94
05/14/2018,335.0,335.0,341.0,330.0,194624.0,53.87
05/15/2018,331.0,334.0,335.0,331.0,5115.0,52.89
05/16/2018,333.0,335.0,335.0,333.0,5010.0,53.79
05/17/2018,336.0,335.0,340.0,334.0,6218.0,53.79
05/20/2018,341.0,335.0,345.0,334.0,11349.0,53.79
05/21/2018,333.0,333.0,335.0,332.0,3318.0,51.33
05/22/2018,335.0,331.0,335.0,324.0,40331.0,48.91
05/23/2018,328.0,328.0,331.0,327.0,10850.0,45.46
05/24/2018,328.0,326.0,328.0,325.0,5024.0,43.27
05/27/2018,325.0,320.0,325.0,320.0,8587.0,37.43
05/28/2018,320.0,329.0,331.0,315.0,12862.0,48.62
05/29/2018,333.0,330.0,335.0,323.0,10239.0,49.7
05/30/2018,330.0,331.0,337.0,324.0,11804.0,50.81
05/31/2018,332.0,329.0,333.0,326.0,4388.0,48.5
06/03/2018,323.0,319.0,331.0,314.0,21026.0,38.98
06/04/2018,320.0,316.0,320.0,311.0,15940.0,36.65
06/06/2018,322.0,321.0,328.0,320.0,4150.0,42.78
06/07/2018,319.0,316.0,323.0,315.0,10872.0,38.74
06/10/2018,312.0,314.0,314.0,310.0,8647.0,37.97
06/11/2018,311.0,313.0,317.0,310.0,16099.0,37.17
06/12/2018,311.0,312.0,315.0,310.0,12338.0,36.35
06/13/2018,310.0,312.0,318.0,310.0,2379.0,36.35
06/14/2018,312.0,315.0,317.0,312.0,6401.0,40.9
06/17/2018,312.0,310.0,314.0,310.0,5434.0,36.25
06/18/2018,310.0,312.0,312.0,308.0,7955.0,39.23
06/19/2018,310.0,307.0,310.0,306.0,7328.0,34.85
06/20/2018,302.0,304.0,307.0,296.0,12585.0,32.51
06/21/2018,300.0,303.0,305.0,300.0,7530.0,31.74
06/24/2018,304.0,309.0,310.0,304.0,623.0,40.76
06/25/2018,305.0,304.0,305.0,295.0,10994.0,36.44
06/26/2018,305.0,298.0,308.0,298.0,7144.0,32.05
06/27/2018,297.0,296.0,303.0,294.0,11371.0,30.72
06/28/2018,298.0,300.0,301.0,298.0,13656.0,36.4
07/01/2018,306.0,295.0,306.0,290.0,3451.0,32.78
07/02/2018,291.0,296.0,297.0,291.0,7489.0,34.19
07/03/2018,295.0,298.0,299.0,293.0,5094.0,38.36
07/04/2018,295.0,298.0,300.0,290.0,16046.0,38.36
07/05/2018,298.0,304.0,307.0,298.0,14150.0,46.27
07/08/2018,308.0,302.0,308.0,301.0,12987.0,44.23
07/09/2018,301.0,302.0,308.0,295.0,13476.0,44.23
07/10/2018,302.0,300.0,305.0,300.0,6561.0,42.09
07/11/2018,305.0,300.0,308.0,300.0,5769.0,42.09
07/12/2018,300.0,298.0,301.0,296.0,11895.0,39.84
07/15/2018,301.0,296.0,305.0,296.0,9022.0,37.68
07/16/2018,296.0,300.0,300.0,294.0,3119.0,44.21
07/17/2018,301.0,300.0,302.0,300.0,3177.0,44.21
07/18/2018,298.0,300.0,300.0,298.0,3888.0,44.21
07/19/2018,297.0,300.0,300.0,297.0,1451.0,44.21
07/22/2018,300.0,294.0,300.0,291.0,5817.0,36.5
07/23/2018,298.0,300.0,300.0,298.0,7196.0,46.54
07/24/2018,300.0,300.0,309.0,300.0,10403.0,46.54
07/25/2018,301.0,300.0,303.0,300.0,5289.0,46.54
07/26/2018,300.0,300.0,302.0,300.0,8119.0,46.54
07/29/2018,300.0,298.0,300.0,298.0,3597.0,43.45
07/30/2018,299.0,296.0,299.0,295.0,4720.0,40.56
07/31/2018,298.0,295.0,298.0,294.0,7769.0,39.16
08/01/2018,294.0,296.0,299.0,294.0,3947.0,41.35
08/02/2018,300.0,298.0,300.0,296.0,3398.0,45.55
08/05/2018,297.0,300.0,301.0,296.0,6853.0,49.46
08/06/2018,303.0,305.0,305.0,302.0,16893.0,57.65
08/07/2018,310.0,305.0,310.0,304.0,12117.0,57.65
08/08/2018,303.0,309.0,309.0,300.0,11847.0,63.18
08/09/2018,307.0,305.0,308.0,305.0,11252.0,55.39
08/12/2018,305.0,301.0,305.0,299.0,13967.0,48.89
08/13/2018,300.0,305.0,305.0,300.0,5851.0,54.62
08/14/2018,306.0,307.0,308.0,304.0,4642.0,57.2
